id,modulo,nome_original,nome_catalogo,categoria,contexto,paginas_pdf,ocorrencias,descricao,labels_exatos,labels_parciais,labels_candidatos_avaliacao,revisao_humana,pendencias
gerais-substancia-cinzenta-38fa8b37,gerais,Substância cinzenta,Substância cinzenta,termo-geral,TERMOS GERAIS,2,roteiro-p02-l02,False,,,,human-review-pending,"licensed-representation,source-backed-explanation,human-anatomical-review"
gerais-cortex-4e4f0bc0,gerais,Córtex,Córtex,termo-geral,TERMOS GERAIS > Substância cinzenta,2,roteiro-p02-l03,False,,,,human-review-pending,"licensed-representation,source-backed-explanation,human-anatomical-review"
gerais-nucleo-60f80490,gerais,Núcleo,Núcleo,termo-geral,TERMOS GERAIS > Substância cinzenta,2,roteiro-p02-l04,False,,,,human-review-pending,"licensed-representation,source-backed-explanation,human-anatomical-review"
gerais-coluna-faa3d04a,gerais,Coluna,Coluna,termo-geral,TERMOS GERAIS > Substância cinzenta,2,roteiro-p02-l05,False,,,,human-review-pending,"licensed-representation,source-backed-explanation,human-anatomical-review"
gerais-lamina-ed7c8b34,gerais,Lâmina,Lâmina,termo-geral,TERMOS GERAIS > Substância cinzenta,2,roteiro-p02-l06,False,,,,human-review-pending,"licensed-representation,source-backed-explanation,human-anatomical-review"
gerais-substancia-branca-c83306b9,gerais,Substância Branca,Substância Branca,termo-geral,TERMOS GERAIS,2,roteiro-p02-l07,False,,,,human-review-pending,"licensed-representation,source-backed-explanation,human-anatomical-review"
gerais-fibras-49afcba2,gerais,Fibras,Fibras,termo-geral,TERMOS GERAIS > Substância Branca,2,roteiro-p02-l08,False,,,,human-review-pending,"licensed-representation,source-backed-explanation,human-anatomical-review"
gerais-fibras-de-associacao-fd70a1fa,gerais,Fibras de associação,Fibras de associação,termo-geral,TERMOS GERAIS > Substância Branca > Fibras,2,roteiro-p02-l09,True,,,,human-review-pending,"licensed-representation,human-anatomical-review"
gerais-fibras-de-projecao-79d454ae,gerais,Fibras de projeção,Fibras de projeção,termo-geral,TERMOS GERAIS > Substância Branca > Fibras,2,roteiro-p02-l10,True,,,,human-review-pending,"licensed-representation,human-anatomical-review"
gerais-fibras-comissurais-7b51a1a0,gerais,Fibras comissurais,Fibras comissurais,termo-geral,TERMOS GERAIS > Substância Branca > Fibras,2,roteiro-p02-l11,False,,,,human-review-pending,"licensed-representation,source-backed-explanation,human-anatomical-review"
gerais-funiculo-2fe5c08d,gerais,Funículo,Funículo,termo-geral,TERMOS GERAIS > Substância Branca,2,roteiro-p02-l12,False,,,,human-review-pending,"licensed-representation,source-backed-explanation,human-anatomical-review"
gerais-trato-d77cdefd,gerais,Trato,Trato,termo-geral,TERMOS GERAIS > Substância Branca,2,roteiro-p02-l13,False,,,,human-review-pending,"licensed-representation,source-backed-explanation,human-anatomical-review"
gerais-fasciculo-b39ac300,gerais,Fascículo,Fascículo,termo-geral,TERMOS GERAIS > Substância Branca,2,roteiro-p02-l14,False,,,,human-review-pending,"licensed-representation,source-backed-explanation,human-anatomical-review"
gerais-lemnisco-2be0347c,gerais,Lemnisco,Lemnisco,termo-geral,TERMOS GERAIS > Substância Branca,2,roteiro-p02-l15,False,,,,human-review-pending,"licensed-representation,source-backed-explanation,human-anatomical-review"
gerais-comissura-9e546d8f,gerais,Comissura,Comissura,termo-geral,TERMOS GERAIS > Substância Branca,2,roteiro-p02-l16,False,,,,human-review-pending,"licensed-representation,source-backed-explanation,human-anatomical-review"
gerais-decussacao-0135d9b6,gerais,Decussação,Decussação,termo-geral,TERMOS GERAIS > Substância Branca,2,roteiro-p02-l17,False,,,,human-review-pending,"licensed-representation,source-backed-explanation,human-anatomical-review"
gerais-estria-bb616afb,gerais,Estria,Estria,termo-geral,TERMOS GERAIS > Substância Branca,2,roteiro-p02-l18,False,,,,human-review-pending,"licensed-representation,source-backed-explanation,human-anatomical-review"
meninges-dura-mater-d08a1894,meninges,Dura-máter,Dura-máter,estrutura-anatomica,MENINGES E ESPAÇOS MENÍNGEOS,2,roteiro-p02-l20,True,,,,human-review-pending,"licensed-representation,human-anatomical-review"
meninges-foice-do-cerebro-7cdf668b,meninges,Foice do cérebro,Foice do cérebro,estrutura-anatomica,MENINGES E ESPAÇOS MENÍNGEOS > Dura-máter > Parte encefálica,2,roteiro-p02-l22,False,,,,human-review-pending,"licensed-representation,source-backed-explanation,human-anatomical-review"
meninges-tentorio-do-cerebelo-07b7a818,meninges,Tentório do cerebelo,Tentório do cerebelo,estrutura-anatomica,MENINGES E ESPAÇOS MENÍNGEOS > Dura-máter > Parte encefálica,2,roteiro-p02-l23,False,,,,human-review-pending,"licensed-representation,source-backed-explanation,human-anatomical-review"
meninges-incisura-do-tentorio-a61764e7,meninges,Incisura do tentório,Incisura do tentório,marco-de-superficie,MENINGES E ESPAÇOS MENÍNGEOS > Dura-máter > Parte encefálica > Tentório do cerebelo,2,roteiro-p02-l24,False,,,,human-review-pending,"licensed-representation,source-backed-explanation,human-anatomical-review"
meninges-foice-do-cerebelo-fdb998d6,meninges,Foice do cerebelo,Foice do cerebelo,estrutura-anatomica,MENINGES E ESPAÇOS MENÍNGEOS > Dura-máter > Parte encefálica,2,roteiro-p02-l25,False,,,,human-review-pending,"licensed-representation,source-backed-explanation,human-anatomical-review"
meninges-diafragma-da-sela-32d9f786,meninges,Diafragma da sela,Diafragma da sela,estrutura-anatomica,MENINGES E ESPAÇOS MENÍNGEOS > Dura-máter > Parte encefálica,2,roteiro-p02-l26,False,,,,human-review-pending,"licensed-representation,source-backed-explanation,human-anatomical-review"
meninges-espaco-extradural-epidural-fb82d44d,meninges,Espaço extradural (epidural)*,Espaço extradural (epidural),espaco,MENINGES E ESPAÇOS MENÍNGEOS > Dura-máter > Parte encefálica,2,roteiro-p02-l27,False,,,,human-review-pending,"licensed-representation,source-backed-explanation,human-anatomical-review"
meninges-espaco-subdural-bf935be1,meninges,Espaço subdural *,Espaço subdural,espaco,MENINGES E ESPAÇOS MENÍNGEOS > Dura-máter > Parte encefálica,2,roteiro-p02-l28,False,,,,human-review-pending,"licensed-representation,source-backed-explanation,human-anatomical-review"
meninges-saco-dural-3c14957f,meninges,Saco dural,Saco dural,estrutura-anatomica,MENINGES E ESPAÇOS MENÍNGEOS > Dura-máter > Parte espinal,2,roteiro-p02-l30,True,,,,human-review-pending,"licensed-representation,human-anatomical-review"
meninges-espaco-extradural-epidural-e4228ad1,meninges,Espaço extradural (epidural),Espaço extradural (epidural),espaco,MENINGES E ESPAÇOS MENÍNGEOS > Dura-máter > Parte espinal,2,roteiro-p02-l31,False,,,,human-review-pending,"licensed-representation,source-backed-explanation,human-anatomical-review"
meninges-aracnoide-mater-0e31f999,meninges,Aracnóide-máter,Aracnóide-máter,estrutura-anatomica,MENINGES E ESPAÇOS MENÍNGEOS,2,roteiro-p02-l33,True,,,,human-review-pending,"licensed-representation,human-anatomical-review"
meninges-espaco-subaracnoideo-e7a9fc38,meninges,Espaço subaracnoideo,Espaço subaracnoideo,espaco,MENINGES E ESPAÇOS MENÍNGEOS > Aracnóide-máter,2,roteiro-p02-l34,True,,,,human-review-pending,"licensed-representation,human-anatomical-review"
meninges-granulacoes-aracnoideas-7db9c45a,meninges,Granulações Aracnóideas,Granulações Aracnóideas,estrutura-anatomica,MENINGES E ESPAÇOS MENÍNGEOS > Aracnóide-máter,2,roteiro-p02-l35,False,,,,human-review-pending,"licensed-representation,source-backed-explanation,human-anatomical-review"
meninges-cisternas-subaracnoideas-39ee0ccb,meninges,Cisternas subaracnoideas,Cisternas subaracnoideas,espaco,MENINGES E ESPAÇOS MENÍNGEOS > Aracnóide-máter,2,roteiro-p02-l36,False,,,,human-review-pending,"licensed-representation,source-backed-explanation,human-anatomical-review"
meninges-cisterna-magna-f3b03fc8,meninges,Cisterna magna,Cisterna magna,espaco,MENINGES E ESPAÇOS MENÍNGEOS > Aracnóide-máter > Cisternas subaracnoideas,2,roteiro-p02-l37,False,,,,human-review-pending,"licensed-representation,source-backed-explanation,human-anatomical-review"
meninges-cisterna-quiasmatica-8c648a91,meninges,Cisterna quiasmática,Cisterna quiasmática,espaco,MENINGES E ESPAÇOS MENÍNGEOS > Aracnóide-máter > Cisternas subaracnoideas,2,roteiro-p02-l38,False,,,,human-review-pending,"licensed-representation,source-backed-explanation,human-anatomical-review"
meninges-cisterna-interpeduncular-b818224b,meninges,Cisterna interpeduncular,Cisterna interpeduncular,espaco,MENINGES E ESPAÇOS MENÍNGEOS > Aracnóide-máter > Cisternas subaracnoideas,2,roteiro-p02-l39,False,,,,human-review-pending,"licensed-representation,source-backed-explanation,human-anatomical-review"
meninges-cisterna-circundante-a5e3b96e,meninges,Cisterna circundante,Cisterna circundante,espaco,MENINGES E ESPAÇOS MENÍNGEOS > Aracnóide-máter > Cisternas subaracnoideas,2,roteiro-p02-l40,False,,,,human-review-pending,"licensed-representation,source-backed-explanation,human-anatomical-review"
meninges-cisterna-colicular-71e3cc03,meninges,Cisterna colicular,Cisterna colicular,espaco,MENINGES E ESPAÇOS MENÍNGEOS > Aracnóide-máter > Cisternas subaracnoideas,2,roteiro-p02-l41,False,,,,human-review-pending,"licensed-representation,source-backed-explanation,human-anatomical-review"
meninges-cisterna-pre-pontina-73cfe82f,meninges,Cisterna pré-pontina,Cisterna pré-pontina,espaco,MENINGES E ESPAÇOS MENÍNGEOS > Aracnóide-máter > Cisternas subaracnoideas,2,roteiro-p02-l42,False,,,,human-review-pending,"licensed-representation,source-backed-explanation,human-anatomical-review"
meninges-cisterna-lombar-16faa7bc,meninges,Cisterna lombar,Cisterna lombar,espaco,MENINGES E ESPAÇOS MENÍNGEOS > Aracnóide-máter > Cisternas subaracnoideas,2,roteiro-p02-l43,True,,,,human-review-pending,"licensed-representation,human-anatomical-review"
meninges-pia-mater-a9eaaeae,meninges,Pia-máter,Pia-máter,estrutura-anatomica,MENINGES E ESPAÇOS MENÍNGEOS,2,roteiro-p02-l44,True,,,,human-review-pending,"licensed-representation,human-anatomical-review"
meninges-plexo-corioideo-do-ventriculo-lateral-bd9f22db,meninges,Plexo corióideo do ventrículo lateral,Plexo corióideo do ventrículo lateral,estrutura-anatomica,MENINGES E ESPAÇOS MENÍNGEOS > Pia-máter > Parte encefálica,2,roteiro-p02-l46,False,,,,human-review-pending,"licensed-representation,source-backed-explanation,human-anatomical-review"
meninges-plexo-corioideo-do-terceiro-ventriculo-67d840a0,meninges,Plexo corióideo do terceiro ventrículo,Plexo corióideo do terceiro ventrículo,estrutura-anatomica,MENINGES E ESPAÇOS MENÍNGEOS > Pia-máter > Parte encefálica,2,roteiro-p02-l47,False,,,,human-review-pending,"licensed-representation,source-backed-explanation,human-anatomical-review"
meninges-plexo-corioideo-do-quarto-ventriculo-48e38ad2,meninges,Plexo corióideo do quarto ventrículo,Plexo corióideo do quarto ventrículo,estrutura-anatomica,MENINGES E ESPAÇOS MENÍNGEOS > Pia-máter > Parte encefálica,2,roteiro-p02-l48,False,,,,human-review-pending,"licensed-representation,source-backed-explanation,human-anatomical-review"
meninges-filamento-terminal-1c8cf8cc,meninges,Filamento terminal,Filamento terminal,estrutura-anatomica,MENINGES E ESPAÇOS MENÍNGEOS > Pia-máter > Parte espinal,2,roteiro-p02-l50,False,,,,human-review-pending,"licensed-representation,source-backed-explanation,human-anatomical-review"
meninges-parte-dural-ffd21cb9,meninges,Parte dural,Parte dural,estrutura-anatomica,MENINGES E ESPAÇOS MENÍNGEOS > Pia-máter > Parte espinal > Filamento terminal,2,roteiro-p02-l51,False,,,,human-review-pending,"licensed-representation,source-backed-explanation,human-anatomical-review"
meninges-parte-pial-0892a85c,meninges,Parte pial,Parte pial,estrutura-anatomica,MENINGES E ESPAÇOS MENÍNGEOS > Pia-máter > Parte espinal > Filamento terminal,2,roteiro-p02-l52,False,,,,human-review-pending,"licensed-representation,source-backed-explanation,human-anatomical-review"
medula-intumescencia-cervical-a3c316ed,medula,Intumescência cervical,Intumescência cervical,estrutura-anatomica,MEDULA ESPINAL > Morfologia externa,3,roteiro-p03-l03,True,,,,human-review-pending,"licensed-representation,human-anatomical-review"
medula-intumescencia-lombossacral-5392c80b,medula,Intumescência lombossacral,Intumescência lombossacral,estrutura-anatomica,MEDULA ESPINAL > Morfologia externa,3,roteiro-p03-l04,True,,,,human-review-pending,"licensed-representation,human-anatomical-review"
medula-cone-medular-de3a6814,medula,Cone medular,Cone medular,estrutura-anatomica,MEDULA ESPINAL > Morfologia externa,3,roteiro-p03-l05,True,,,,human-review-pending,"licensed-representation,human-anatomical-review"
medula-filamento-terminal-149b96dd,medula,Filamento terminal,Filamento terminal,estrutura-anatomica,MEDULA ESPINAL > Morfologia externa,3,roteiro-p03-l06,True,,,,human-review-pending,"licensed-representation,human-anatomical-review"
medula-fissura-mediana-anterior-b09eb862,medula,Fissura mediana anterior,Fissura mediana anterior,marco-de-superficie,MEDULA ESPINAL > Morfologia externa,3,roteiro-p03-l07,True,,,,human-review-pending,"licensed-representation,human-anatomical-review"
medula-sulco-mediano-posterior-d06d6bec,medula,Sulco mediano posterior,Sulco mediano posterior,marco-de-superficie,MEDULA ESPINAL > Morfologia externa,3,roteiro-p03-l08,True,,,,human-review-pending,"licensed-representation,human-anatomical-review"
medula-sulco-antero-lateral-328d6187,medula,Sulco ântero-lateral,Sulco ântero-lateral,marco-de-superficie,MEDULA ESPINAL > Morfologia externa,3,roteiro-p03-l09,True,,,,human-review-pending,"licensed-representation,human-anatomical-review"
medula-sulco-postero-lateral-b76a8a92,medula,Sulco póstero-lateral,Sulco póstero-lateral,marco-de-superficie,MEDULA ESPINAL > Morfologia externa,3,roteiro-p03-l10,True,,,,human-review-pending,"licensed-representation,human-anatomical-review"
medula-sulco-intermedio-posterior-31a8a2b8,medula,Sulco intermédio-posterior,Sulco intermédio-posterior,marco-de-superficie,MEDULA ESPINAL > Morfologia externa,3,roteiro-p03-l11,False,,,,human-review-pending,"licensed-representation,source-backed-explanation,human-anatomical-review"
medula-face-anterior-c6232cfe,medula,Face anterior,Face anterior,marco-de-superficie,MEDULA ESPINAL > Morfologia externa,3,roteiro-p03-l12,False,,,,human-review-pending,"licensed-representation,source-backed-explanation,human-anatomical-review"
medula-face-posterior-29ed2523,medula,Face posterior,Face posterior,marco-de-superficie,MEDULA ESPINAL > Morfologia externa,3,roteiro-p03-l13,False,,,,human-review-pending,"licensed-representation,source-backed-explanation,human-anatomical-review"
medula-face-lateral-92ed4f4d,medula,Face lateral,Face lateral,marco-de-superficie,MEDULA ESPINAL > Morfologia externa,3,roteiro-p03-l14,False,,,,human-review-pending,"licensed-representation,source-backed-explanation,human-anatomical-review"
medula-nervo-espinal-548ffe73,medula,Nervo espinal,Nervo espinal,estrutura-anatomica,MEDULA ESPINAL > Morfologia externa,3,roteiro-p03-l15,True,,,,human-review-pending,"licensed-representation,human-anatomical-review"
medula-radiculas-anteriores-2f4fffff,medula,Radículas anteriores,Radículas anteriores,estrutura-anatomica,MEDULA ESPINAL > Morfologia externa > Nervo espinal,3,roteiro-p03-l16,True,,,,human-review-pending,"licensed-representation,human-anatomical-review"
medula-radiculas-posteriores-5c981771,medula,Radículas posteriores,Radículas posteriores,estrutura-anatomica,MEDULA ESPINAL > Morfologia externa > Nervo espinal,3,roteiro-p03-l17,True,,,,human-review-pending,"licensed-representation,human-anatomical-review"
medula-raiz-anterior-5e6a6509,medula,Raiz anterior,Raiz anterior,estrutura-anatomica,MEDULA ESPINAL > Morfologia externa > Nervo espinal,3,roteiro-p03-l18,True,,,,human-review-pending,"licensed-representation,human-anatomical-review"
medula-raiz-posterior-264411d4,medula,Raiz posterior,Raiz posterior,estrutura-anatomica,MEDULA ESPINAL > Morfologia externa > Nervo espinal,3,roteiro-p03-l19,True,,,,human-review-pending,"licensed-representation,human-anatomical-review"
medula-ganglio-sensitivo-do-nervo-espinal-c416bad1,medula,Gânglio sensitivo do nervo espinal,Gânglio sensitivo do nervo espinal,estrutura-anatomica,MEDULA ESPINAL > Morfologia externa > Nervo espinal,3,roteiro-p03-l20,True,,,,human-review-pending,"licensed-representation,human-anatomical-review"
medula-canal-central-6bae0c3b,medula,Canal central,Canal central,espaco,MEDULA ESPINAL > Morfologia interna,3,roteiro-p03-l22,True,,,,human-review-pending,"licensed-representation,human-anatomical-review"
medula-substancia-cinzenta-f18f7698,medula,Substância cinzenta,Substância cinzenta,estrutura-anatomica,MEDULA ESPINAL > Morfologia interna,3,roteiro-p03-l23,False,,,,human-review-pending,"licensed-representation,source-backed-explanation,human-anatomical-review"
medula-corno-anterior-0bf9af5a,medula,Corno anterior,Corno anterior,estrutura-anatomica,MEDULA ESPINAL > Morfologia interna > Substância cinzenta,3,roteiro-p03-l24,True,,,,human-review-pending,"licensed-representation,human-anatomical-review"
medula-corno-posterior-68c07bcf,medula,Corno posterior,Corno posterior,estrutura-anatomica,MEDULA ESPINAL > Morfologia interna > Substância cinzenta,3,roteiro-p03-l25,True,,,,human-review-pending,"licensed-representation,human-anatomical-review"
medula-corno-lateral-a615e52f,medula,Corno lateral,Corno lateral,estrutura-anatomica,MEDULA ESPINAL > Morfologia interna > Substância cinzenta,3,roteiro-p03-l26,True,,,,human-review-pending,"licensed-representation,human-anatomical-review"
medula-substancia-cinzenta-intermedia-central-427bae4f,medula,Substância cinzenta intermédia central,Substância cinzenta intermédia central,estrutura-anatomica,MEDULA ESPINAL > Morfologia interna > Substância cinzenta,3,roteiro-p03-l27,True,,,,human-review-pending,"licensed-representation,human-anatomical-review"
medula-substancia-branca-8d376250,medula,Substância branca,Substância branca,estrutura-anatomica,MEDULA ESPINAL > Morfologia interna,3,roteiro-p03-l28,False,,,,human-review-pending,"licensed-representation,source-backed-explanation,human-anatomical-review"
medula-funiculo-anterior-ddbb77ca,medula,Funículo anterior,Funículo anterior,estrutura-anatomica,MEDULA ESPINAL > Morfologia interna > Substância branca,3,roteiro-p03-l29,True,,,,human-review-pending,"licensed-representation,human-anatomical-review"
medula-funiculo-lateral-074fbe64,medula,Funículo lateral,Funículo lateral,estrutura-anatomica,MEDULA ESPINAL > Morfologia interna > Substância branca,3,roteiro-p03-l30,True,,,,human-review-pending,"licensed-representation,human-anatomical-review"
medula-funiculo-posterior-a7f19e75,medula,Funículo posterior,Funículo posterior,estrutura-anatomica,MEDULA ESPINAL > Morfologia interna > Substância branca,3,roteiro-p03-l31,True,,,,human-review-pending,"licensed-representation,human-anatomical-review"
medula-fasciculo-gracil-6d548fea,medula,Fascículo grácil,Fascículo grácil,estrutura-anatomica,MEDULA ESPINAL > Morfologia interna > Substância branca,3,roteiro-p03-l32,False,,,,human-review-pending,"licensed-representation,source-backed-explanation,human-anatomical-review"
medula-fasciculo-cuneiforme-7955467d,medula,Fascículo cuneiforme,Fascículo cuneiforme,estrutura-anatomica,MEDULA ESPINAL > Morfologia interna > Substância branca,3,roteiro-p03-l33,False,,,,human-review-pending,"licensed-representation,source-backed-explanation,human-anatomical-review"
medula-comissura-branca-anterior-e6df25d8,medula,Comissura branca anterior,Comissura branca anterior,estrutura-anatomica,MEDULA ESPINAL > Morfologia interna > Substância branca,3,roteiro-p03-l34,False,,,,human-review-pending,"licensed-representation,source-backed-explanation,human-anatomical-review"
medula-comissura-branca-posterior-0b1ac1af,medula,Comissura branca posterior,Comissura branca posterior,estrutura-anatomica,MEDULA ESPINAL > Morfologia interna > Substância branca,3,roteiro-p03-l35,False,,,,human-review-pending,"licensed-representation,source-backed-explanation,human-anatomical-review"
tronco-bulbo-cfb09d7b,tronco,Bulbo,Bulbo,estrutura-anatomica,TRONCO ENCEFÁLICO,3,roteiro-p03-l37,True,spl-61,,spl-61,human-review-pending,"licensed-representation,human-anatomical-review"
tronco-sulco-bulbo-pontino-6f8e61fd,tronco,Sulco bulbo-pontino,Sulco bulbo-pontino,marco-de-superficie,TRONCO ENCEFÁLICO > Bulbo > Morfologia externa,3,roteiro-p03-l39,False,,,,human-review-pending,"licensed-representation,source-backed-explanation,human-anatomical-review"
tronco-sulco-mediano-anterior-ec94496e,tronco,Sulco mediano anterior,Sulco mediano anterior,marco-de-superficie,TRONCO ENCEFÁLICO > Bulbo > Morfologia externa,3,roteiro-p03-l40,False,,,,human-review-pending,"licensed-representation,source-backed-explanation,human-anatomical-review"
tronco-piramide-a06d985b,tronco,Pirâmide,Pirâmide,estrutura-anatomica,TRONCO ENCEFÁLICO > Bulbo > Morfologia externa,3,roteiro-p03-l41,False,,,,human-review-pending,"licensed-representation,source-backed-explanation,human-anatomical-review"
tronco-decussacao-das-piramides-25947ace,tronco,Decussação das pirâmides,Decussação das pirâmides,estrutura-anatomica,TRONCO ENCEFÁLICO > Bulbo > Morfologia externa,3,roteiro-p03-l42,False,,,,human-review-pending,"licensed-representation,source-backed-explanation,human-anatomical-review"
tronco-sulco-antero-lateral-bc93e7d7,tronco,Sulco ântero-lateral,Sulco ântero-lateral,marco-de-superficie,TRONCO ENCEFÁLICO > Bulbo > Morfologia externa,3,roteiro-p03-l43,False,,,,human-review-pending,"licensed-representation,source-backed-explanation,human-anatomical-review"
tronco-sulco-pre-olivar-6c345c39,tronco,Sulco pré-olivar,Sulco pré-olivar,marco-de-superficie,TRONCO ENCEFÁLICO > Bulbo > Morfologia externa,3,roteiro-p03-l44,False,,,,human-review-pending,"licensed-representation,source-backed-explanation,human-anatomical-review"
tronco-oliva-6fbd2741,tronco,Oliva,Oliva,estrutura-anatomica,TRONCO ENCEFÁLICO > Bulbo > Morfologia externa,3,roteiro-p03-l45,False,,,,human-review-pending,"licensed-representation,source-backed-explanation,human-anatomical-review"
tronco-sulco-retro-olivar-659724eb,tronco,Sulco retro-olivar,Sulco retro-olivar,marco-de-superficie,TRONCO ENCEFÁLICO > Bulbo > Morfologia externa,3,roteiro-p03-l46,False,,,,human-review-pending,"licensed-representation,source-backed-explanation,human-anatomical-review"
tronco-area-retro-olivar-46b686e2,tronco,Área retro-olivar,Área retro-olivar,marco-de-superficie,TRONCO ENCEFÁLICO > Bulbo > Morfologia externa,3,roteiro-p03-l47,False,,,,human-review-pending,"licensed-representation,source-backed-explanation,human-anatomical-review"
tronco-sulco-postero-lateral-59770a04,tronco,Sulco póstero-lateral,Sulco póstero-lateral,marco-de-superficie,TRONCO ENCEFÁLICO > Bulbo > Morfologia externa,3,roteiro-p03-l48,False,,,,human-review-pending,"licensed-representation,source-backed-explanation,human-anatomical-review"
tronco-pedunculo-cerebelar-inferior-48aed7ef,tronco,Pedúnculo cerebelar inferior,Pedúnculo cerebelar inferior,estrutura-anatomica,TRONCO ENCEFÁLICO > Bulbo > Morfologia externa,3,roteiro-p03-l49,True,,,,human-review-pending,"licensed-representation,human-anatomical-review"
tronco-tuberculo-trigeminal-5ccf77ad,tronco,Tubérculo trigeminal,Tubérculo trigeminal,marco-de-superficie,TRONCO ENCEFÁLICO > Bulbo > Morfologia externa,3,roteiro-p03-l50,False,,,,human-review-pending,"licensed-representation,source-backed-explanation,human-anatomical-review"
tronco-tuberculo-cuneiforme-38d3427e,tronco,Tubérculo cuneiforme,Tubérculo cuneiforme,marco-de-superficie,TRONCO ENCEFÁLICO > Bulbo > Morfologia externa,3,roteiro-p03-l51,False,,,,human-review-pending,"licensed-representation,source-backed-explanation,human-anatomical-review"
tronco-fasciculo-cuneiforme-941063b6,tronco,Fascículo cuneiforme,Fascículo cuneiforme,estrutura-anatomica,TRONCO ENCEFÁLICO > Bulbo > Morfologia externa,3,roteiro-p03-l52,False,,,,human-review-pending,"licensed-representation,source-backed-explanation,human-anatomical-review"
tronco-tuberculo-gracil-6db0f15c,tronco,Tubérculo grácil,Tubérculo grácil,marco-de-superficie,TRONCO ENCEFÁLICO > Bulbo > Morfologia externa,3,roteiro-p03-l53,False,,,,human-review-pending,"licensed-representation,source-backed-explanation,human-anatomical-review"
tronco-fasciculo-gracil-095ff1d8,tronco,Fascículo grácil,Fascículo grácil,estrutura-anatomica,TRONCO ENCEFÁLICO > Bulbo > Morfologia externa,3,roteiro-p03-l54,False,,,,human-review-pending,"licensed-representation,source-backed-explanation,human-anatomical-review"
tronco-sulco-mediano-posterior-96d2cbf2,tronco,Sulco mediano posterior,Sulco mediano posterior,marco-de-superficie,TRONCO ENCEFÁLICO > Bulbo > Morfologia externa,3,roteiro-p03-l55,False,,,,human-review-pending,"licensed-representation,source-backed-explanation,human-anatomical-review"
tronco-obex-a2bbdea5,tronco,Óbex,Óbex,estrutura-anatomica,TRONCO ENCEFÁLICO > Bulbo > Morfologia externa,3,roteiro-p03-l56,False,,,,human-review-pending,"licensed-representation,source-backed-explanation,human-anatomical-review"
tronco-substancia-branca-a9aff65f,tronco,Substância branca,Substância branca,estrutura-anatomica,TRONCO ENCEFÁLICO > Bulbo > Morfologia interna,4,roteiro-p04-l02,False,,,,human-review-pending,"licensed-representation,source-backed-explanation,human-anatomical-review"
tronco-piramides-9d8b1082,tronco,Pirâmides,Pirâmides,estrutura-anatomica,TRONCO ENCEFÁLICO > Bulbo > Morfologia interna > Substância branca,4,roteiro-p04-l03,False,,,,human-review-pending,"licensed-representation,source-backed-explanation,human-anatomical-review"
tronco-decussacao-das-piramides-5982f90d,tronco,Decussação das pirâmides,Decussação das pirâmides,estrutura-anatomica,TRONCO ENCEFÁLICO > Bulbo > Morfologia interna > Substância branca,4,roteiro-p04-l04,False,,,,human-review-pending,"licensed-representation,source-backed-explanation,human-anatomical-review"
tronco-lemnisco-medial-398dc841,tronco,Lemnisco medial,Lemnisco medial,estrutura-anatomica,TRONCO ENCEFÁLICO > Bulbo > Morfologia interna > Substância branca,4,roteiro-p04-l05,False,,,,human-review-pending,"licensed-representation,source-backed-explanation,human-anatomical-review"
tronco-fasciculo-longitudinal-medial-401e22ae,tronco,Fascículo longitudinal medial,Fascículo longitudinal medial,estrutura-anatomica,TRONCO ENCEFÁLICO > Bulbo > Morfologia interna > Substância branca,4,roteiro-p04-l06,False,,,,human-review-pending,"licensed-representation,source-backed-explanation,human-anatomical-review"
tronco-substancia-cinzenta-48cb8c69,tronco,Substância cinzenta,Substância cinzenta,estrutura-anatomica,TRONCO ENCEFÁLICO > Bulbo > Morfologia interna,4,roteiro-p04-l07,False,,,,human-review-pending,"licensed-representation,source-backed-explanation,human-anatomical-review"
tronco-nucleo-gracil-905c1cb2,tronco,Núcleo grácil,Núcleo grácil,estrutura-anatomica,TRONCO ENCEFÁLICO > Bulbo > Morfologia interna > Substância cinzenta,4,roteiro-p04-l08,False,,,,human-review-pending,"licensed-representation,source-backed-explanation,human-anatomical-review"
tronco-nucleo-cuneiforme-da2aabf3,tronco,Núcleo cuneiforme,Núcleo cuneiforme,estrutura-anatomica,TRONCO ENCEFÁLICO > Bulbo > Morfologia interna > Substância cinzenta,4,roteiro-p04-l09,False,,,,human-review-pending,"licensed-representation,source-backed-explanation,human-anatomical-review"
tronco-complexo-olivar-inferior-nucleo-olivar-inferior-d2e8df21,tronco,Complexo olivar inferior (núcleo olivar inferior),Complexo olivar inferior,estrutura-anatomica,TRONCO ENCEFÁLICO > Bulbo > Morfologia interna > Substância cinzenta,4,roteiro-p04-l10,False,,,,human-review-pending,"licensed-representation,source-backed-explanation,human-anatomical-review"
tronco-ponte-add812d2,tronco,Ponte,Ponte,estrutura-anatomica,TRONCO ENCEFÁLICO,4,roteiro-p04-l11,False,,,,human-review-pending,"licensed-representation,source-backed-explanation,human-anatomical-review"
tronco-sulco-bulbo-pontino-3e1ab26c,tronco,Sulco bulbo-pontino,Sulco bulbo-pontino,marco-de-superficie,TRONCO ENCEFÁLICO > Ponte > Morfologia externa,4,roteiro-p04-l13,False,,,,human-review-pending,"licensed-representation,source-backed-explanation,human-anatomical-review"
tronco-sulco-basilar-f927856e,tronco,Sulco basilar,Sulco basilar,marco-de-superficie,TRONCO ENCEFÁLICO > Ponte > Morfologia externa,4,roteiro-p04-l14,False,,,,human-review-pending,"licensed-representation,source-backed-explanation,human-anatomical-review"
tronco-eminencia-pontina-12640444,tronco,Eminência pontina,Eminência pontina,marco-de-superficie,TRONCO ENCEFÁLICO > Ponte > Morfologia externa,4,roteiro-p04-l15,False,,,,human-review-pending,"licensed-representation,source-backed-explanation,human-anatomical-review"
tronco-pedunculo-cerebelar-medio-c9055617,tronco,Pedúnculo cerebelar médio,Pedúnculo cerebelar médio,estrutura-anatomica,TRONCO ENCEFÁLICO > Ponte > Morfologia externa,4,roteiro-p04-l16,True,,,,human-review-pending,"licensed-representation,human-anatomical-review"
tronco-fibras-transversais-da-ponte-fibras-ponto-cerebelares-6513dcfe,tronco,Fibras transversais da ponte (fibras ponto cerebelares),Fibras transversais da ponte,conjunto,TRONCO ENCEFÁLICO > Ponte > Morfologia interna,4,roteiro-p04-l18,False,,,,human-review-pending,"licensed-representation,source-backed-explanation,human-anatomical-review"
tronco-fasciculo-longitudinal-medial-663b10be,tronco,Fascículo longitudinal medial,Fascículo longitudinal medial,estrutura-anatomica,TRONCO ENCEFÁLICO > Ponte > Morfologia interna,4,roteiro-p04-l19,False,,,,human-review-pending,"licensed-representation,source-backed-explanation,human-anatomical-review"
tronco-lemnisco-medial-01c1a2f6,tronco,Lemnisco medial,Lemnisco medial,estrutura-anatomica,TRONCO ENCEFÁLICO > Ponte > Morfologia interna,4,roteiro-p04-l20,False,,,,human-review-pending,"licensed-representation,source-backed-explanation,human-anatomical-review"
tronco-lemnisco-espinal-e1243440,tronco,Lemnisco espinal,Lemnisco espinal,estrutura-anatomica,TRONCO ENCEFÁLICO > Ponte > Morfologia interna,4,roteiro-p04-l21,False,,,,human-review-pending,"licensed-representation,source-backed-explanation,human-anatomical-review"
tronco-lemnisco-trigeminal-a971e666,tronco,Lemnisco trigeminal,Lemnisco trigeminal,estrutura-anatomica,TRONCO ENCEFÁLICO > Ponte > Morfologia interna,4,roteiro-p04-l22,False,,,,human-review-pending,"licensed-representation,source-backed-explanation,human-anatomical-review"
tronco-corpo-trapezoide-48d0cbe7,tronco,Corpo trapezóide,Corpo trapezóide,estrutura-anatomica,TRONCO ENCEFÁLICO > Ponte > Morfologia interna,4,roteiro-p04-l23,False,,,,human-review-pending,"licensed-representation,source-backed-explanation,human-anatomical-review"
tronco-quarto-ventriculo-6be77dae,tronco,Quarto ventrículo,Quarto ventrículo,espaco,TRONCO ENCEFÁLICO,4,roteiro-p04-l24,True,spl-15,,spl-15,human-review-pending,"licensed-representation,human-anatomical-review"
tronco-fossa-romboide-d1b5b45a,tronco,Fossa rombóide,Fossa rombóide,marco-de-superficie,TRONCO ENCEFÁLICO > Quarto ventrículo,4,roteiro-p04-l25,False,,,,human-review-pending,"licensed-representation,source-backed-explanation,human-anatomical-review"
tronco-sulco-mediano-77927137,tronco,Sulco mediano,Sulco mediano,marco-de-superficie,TRONCO ENCEFÁLICO > Quarto ventrículo > Fossa rombóide,4,roteiro-p04-l26,False,,,,human-review-pending,"licensed-representation,source-backed-explanation,human-anatomical-review"
tronco-eminencia-medial-cd8f9f6a,tronco,Eminência medial,Eminência medial,marco-de-superficie,TRONCO ENCEFÁLICO > Quarto ventrículo > Fossa rombóide,4,roteiro-p04-l27,False,,,,human-review-pending,"licensed-representation,source-backed-explanation,human-anatomical-review"
tronco-coliculo-facial-640a558a,tronco,Colículo facial,Colículo facial,estrutura-anatomica,TRONCO ENCEFÁLICO > Quarto ventrículo > Fossa rombóide,4,roteiro-p04-l28,False,,,,human-review-pending,"licensed-representation,source-backed-explanation,human-anatomical-review"
tronco-locus-ceruleus-b11e19d8,tronco,Locus ceruleus,Locus ceruleus,estrutura-anatomica,TRONCO ENCEFÁLICO > Quarto ventrículo > Fossa rombóide,4,roteiro-p04-l29,False,,,,human-review-pending,"licensed-representation,source-backed-explanation,human-anatomical-review"
tronco-estrias-medulares-do-quarto-ventriculo-0bf18f31,tronco,Estrias medulares do quarto ventrículo,Estrias medulares do quarto ventrículo,estrutura-anatomica,TRONCO ENCEFÁLICO > Quarto ventrículo > Fossa rombóide,4,roteiro-p04-l30,False,,,,human-review-pending,"licensed-representation,source-backed-explanation,human-anatomical-review"
tronco-trigono-do-nervo-hipoglosso-d97e395e,tronco,Trígono do nervo hipoglosso,Trígono do nervo hipoglosso,marco-de-superficie,TRONCO ENCEFÁLICO > Quarto ventrículo > Fossa rombóide,4,roteiro-p04-l31,False,,,,human-review-pending,"licensed-representation,source-backed-explanation,human-anatomical-review"
tronco-trigono-do-nervo-vago-1cd12c47,tronco,Trígono do nervo vago,Trígono do nervo vago,marco-de-superficie,TRONCO ENCEFÁLICO > Quarto ventrículo > Fossa rombóide,4,roteiro-p04-l32,False,,,,human-review-pending,"licensed-representation,source-backed-explanation,human-anatomical-review"
tronco-area-vestibular-d40ce2b0,tronco,Área vestibular,Área vestibular,estrutura-anatomica,TRONCO ENCEFÁLICO > Quarto ventrículo > Fossa rombóide,4,roteiro-p04-l33,False,,,,human-review-pending,"licensed-representation,source-backed-explanation,human-anatomical-review"
tronco-sulco-limitante-4ef10315,tronco,Sulco limitante,Sulco limitante,marco-de-superficie,TRONCO ENCEFÁLICO > Quarto ventrículo > Fossa rombóide,4,roteiro-p04-l34,False,,,,human-review-pending,"licensed-representation,source-backed-explanation,human-anatomical-review"
tronco-fovea-superior-3098784e,tronco,Fóvea superior,Fóvea superior,marco-de-superficie,TRONCO ENCEFÁLICO > Quarto ventrículo > Fossa rombóide,4,roteiro-p04-l35,False,,,,human-review-pending,"licensed-representation,source-backed-explanation,human-anatomical-review"
tronco-fovea-inferior-d4d397b5,tronco,Fóvea inferior,Fóvea inferior,marco-de-superficie,TRONCO ENCEFÁLICO > Quarto ventrículo > Fossa rombóide,4,roteiro-p04-l36,False,,,,human-review-pending,"licensed-representation,source-backed-explanation,human-anatomical-review"
tronco-recesso-lateral-e74a2cd7,tronco,Recesso lateral,Recesso lateral,espaco,TRONCO ENCEFÁLICO > Quarto ventrículo > Fossa rombóide,4,roteiro-p04-l37,False,,,,human-review-pending,"licensed-representation,source-backed-explanation,human-anatomical-review"
tronco-abertura-lateral-forame-de-luschka-3b85d4e2,tronco,Abertura lateral – “Forame de Luschka”,Abertura lateral,marco-de-superficie,TRONCO ENCEFÁLICO > Quarto ventrículo > Fossa rombóide > Recesso lateral,4,roteiro-p04-l38,False,,,,human-review-pending,"licensed-representation,source-backed-explanation,human-anatomical-review"
tronco-abertura-mediana-forame-de-magendie-c5aa2c0a,tronco,Abertura mediana - “Forame de Magendie”,Abertura mediana,marco-de-superficie,TRONCO ENCEFÁLICO > Quarto ventrículo > Fossa rombóide,4,roteiro-p04-l39,False,,,,human-review-pending,"licensed-representation,source-backed-explanation,human-anatomical-review"
tronco-teto-do-quarto-ventriculo-4cb4d086,tronco,Teto do quarto ventrículo,Teto do quarto ventrículo,estrutura-anatomica,TRONCO ENCEFÁLICO > Quarto ventrículo,4,roteiro-p04-l40,False,,,,human-review-pending,"licensed-representation,source-backed-explanation,human-anatomical-review"
tronco-veu-medular-superior-0f531eac,tronco,Véu medular superior,Véu medular superior,estrutura-anatomica,TRONCO ENCEFÁLICO > Quarto ventrículo > Teto do quarto ventrículo,4,roteiro-p04-l41,False,,,,human-review-pending,"licensed-representation,source-backed-explanation,human-anatomical-review"
tronco-veu-medular-inferior-1459b706,tronco,Véu medular inferior,Véu medular inferior,estrutura-anatomica,TRONCO ENCEFÁLICO > Quarto ventrículo > Teto do quarto ventrículo,4,roteiro-p04-l42,False,,,,human-review-pending,"licensed-representation,source-backed-explanation,human-anatomical-review"
tronco-mesencefalo-9a016efb,tronco,Mesencéfalo,Mesencéfalo,estrutura-anatomica,TRONCO ENCEFÁLICO,4,roteiro-p04-l43,False,,,,human-review-pending,"licensed-representation,source-backed-explanation,human-anatomical-review"
tronco-pedunculo-cerebral-fcdddff3,tronco,Pedúnculo cerebral,Pedúnculo cerebral,estrutura-anatomica,TRONCO ENCEFÁLICO > Mesencéfalo > Morfologia externa,4,roteiro-p04-l45,False,,,,human-review-pending,"licensed-representation,source-backed-explanation,human-anatomical-review"
tronco-fossa-interpeduncular-1b470b02,tronco,Fossa interpeduncular,Fossa interpeduncular,marco-de-superficie,TRONCO ENCEFÁLICO > Mesencéfalo > Morfologia externa,4,roteiro-p04-l46,False,,,,human-review-pending,"licensed-representation,source-backed-explanation,human-anatomical-review"
tronco-trigono-do-lemnisco-lateral-06ebb517,tronco,Trígono do lemnisco lateral,Trígono do lemnisco lateral,marco-de-superficie,TRONCO ENCEFÁLICO > Mesencéfalo > Morfologia externa,4,roteiro-p04-l47,False,,,,human-review-pending,"licensed-representation,source-backed-explanation,human-anatomical-review"
tronco-pedunculo-cerebelar-superior-56d3b427,tronco,Pedúnculo cerebelar superior,Pedúnculo cerebelar superior,estrutura-anatomica,TRONCO ENCEFÁLICO > Mesencéfalo > Morfologia externa,4,roteiro-p04-l48,True,,,,human-review-pending,"licensed-representation,human-anatomical-review"
tronco-coliculo-superior-809512ac,tronco,Colículo superior,Colículo superior,estrutura-anatomica,TRONCO ENCEFÁLICO > Mesencéfalo > Morfologia externa,4,roteiro-p04-l49,True,"spl-3020,spl-3021",,"spl-3020,spl-3021",human-review-pending,"licensed-representation,human-anatomical-review"
tronco-coliculo-inferior-377d598e,tronco,Colículo inferior,Colículo inferior,estrutura-anatomica,TRONCO ENCEFÁLICO > Mesencéfalo > Morfologia externa,4,roteiro-p04-l50,True,"spl-3022,spl-3023",,"spl-3022,spl-3023",human-review-pending,"licensed-representation,human-anatomical-review"
tronco-braco-do-coliculo-superior-f56f35bc,tronco,Braço do colículo superior,Braço do colículo superior,estrutura-anatomica,TRONCO ENCEFÁLICO > Mesencéfalo > Morfologia externa,4,roteiro-p04-l51,True,"spl-3030,spl-3031",,"spl-3030,spl-3031",human-review-pending,"licensed-representation,human-anatomical-review"
tronco-braco-do-coliculo-inferior-939686a0,tronco,Braço do colículo inferior,Braço do colículo inferior,estrutura-anatomica,TRONCO ENCEFÁLICO > Mesencéfalo > Morfologia externa,4,roteiro-p04-l52,True,"spl-3032,spl-3033",,"spl-3032,spl-3033",human-review-pending,"licensed-representation,human-anatomical-review"
tronco-base-fea54306,tronco,Base,Base,estrutura-anatomica,TRONCO ENCEFÁLICO > Mesencéfalo > Morfologia interna,4,roteiro-p04-l54,False,,,,human-review-pending,"licensed-representation,source-backed-explanation,human-anatomical-review"
tronco-fibras-corticoespinais-3175c952,tronco,Fibras corticoespinais,Fibras corticoespinais,conjunto,TRONCO ENCEFÁLICO > Mesencéfalo > Morfologia interna > Base,4,roteiro-p04-l55,False,,,,human-review-pending,"licensed-representation,source-backed-explanation,human-anatomical-review"
tronco-fibras-corticonucleares-2b173ab4,tronco,Fibras corticonucleares,Fibras corticonucleares,conjunto,TRONCO ENCEFÁLICO > Mesencéfalo > Morfologia interna > Base,4,roteiro-p04-l56,False,,,,human-review-pending,"licensed-representation,source-backed-explanation,human-anatomical-review"
tronco-fibras-corticopontinas-c40a0d35,tronco,Fibras corticopontinas,Fibras corticopontinas,conjunto,TRONCO ENCEFÁLICO > Mesencéfalo > Morfologia interna > Base,4,roteiro-p04-l57,False,,,,human-review-pending,"licensed-representation,source-backed-explanation,human-anatomical-review"
tronco-substancia-negra-254a5725,tronco,Substância negra,Substância negra,estrutura-anatomica,TRONCO ENCEFÁLICO > Mesencéfalo > Morfologia interna > Base,4,roteiro-p04-l58,True,"spl-66,spl-71",,"spl-66,spl-71",human-review-pending,"licensed-representation,human-anatomical-review,substancia-negra-base"
tronco-tegmento-84c90b5b,tronco,Tegmento,Tegmento,estrutura-anatomica,TRONCO ENCEFÁLICO > Mesencéfalo > Morfologia interna,4,roteiro-p04-l59,False,,,,human-review-pending,"licensed-representation,source-backed-explanation,human-anatomical-review"
tronco-nucleo-rubro-f73d45d4,tronco,Núcleo rubro,Núcleo rubro,estrutura-anatomica,TRONCO ENCEFÁLICO > Mesencéfalo > Morfologia interna > Tegmento,4,roteiro-p04-l60,True,"spl-79,spl-84",,"spl-79,spl-84",human-review-pending,"licensed-representation,human-anatomical-review"
tronco-lemnisco-espinal-4c7376a7,tronco,Lemnisco espinal,Lemnisco espinal,estrutura-anatomica,TRONCO ENCEFÁLICO > Mesencéfalo > Morfologia interna > Tegmento,4,roteiro-p04-l61,False,,,,human-review-pending,"licensed-representation,source-backed-explanation,human-anatomical-review"
tronco-lemnisco-lateral-95091f0b,tronco,Lemnisco lateral,Lemnisco lateral,estrutura-anatomica,TRONCO ENCEFÁLICO > Mesencéfalo > Morfologia interna > Tegmento,5,roteiro-p05-l01,False,,,,human-review-pending,"licensed-representation,source-backed-explanation,human-anatomical-review"
tronco-lemnisco-medial-232fdf8e,tronco,Lemnisco medial,Lemnisco medial,estrutura-anatomica,TRONCO ENCEFÁLICO > Mesencéfalo > Morfologia interna > Tegmento,5,roteiro-p05-l02,False,,,,human-review-pending,"licensed-representation,source-backed-explanation,human-anatomical-review"
tronco-lemnisco-trigeminal-5089f5bf,tronco,Lemnisco trigeminal,Lemnisco trigeminal,estrutura-anatomica,TRONCO ENCEFÁLICO > Mesencéfalo > Morfologia interna > Tegmento,5,roteiro-p05-l03,False,,,,human-review-pending,"licensed-representation,source-backed-explanation,human-anatomical-review"
tronco-teto-6f72ef8d,tronco,Teto,Teto,estrutura-anatomica,TRONCO ENCEFÁLICO > Mesencéfalo > Morfologia interna,5,roteiro-p05-l04,False,,,,human-review-pending,"licensed-representation,source-backed-explanation,human-anatomical-review"
tronco-nucleos-coliculares-ce1aafee,tronco,Núcleos coliculares,Núcleos coliculares,conjunto,TRONCO ENCEFÁLICO > Mesencéfalo > Morfologia interna > Teto,5,roteiro-p05-l05,False,,,,human-review-pending,"licensed-representation,source-backed-explanation,human-anatomical-review"
tronco-aqueduto-do-mesencefalo-aqueduto-de-sylvius-identificar-em-cortes-10828b60,tronco,Aqueduto do mesencéfalo - “Aqueduto de Sylvius” (identificar em cortes sagitais e transversais),Aqueduto do mesencéfalo,espaco,TRONCO ENCEFÁLICO > Mesencéfalo > Morfologia interna,5,roteiro-p05-l06,True,spl-19,,spl-19,human-review-pending,"licensed-representation,human-anatomical-review,aqueduto-duas-seccoes"
cerebelo-hemisferio-do-cerebelo-direito-e-esquerdo-277dcce4,cerebelo,Hemisfério do cerebelo (direito e esquerdo),Hemisfério do cerebelo (direito e esquerdo),estrutura-anatomica,CEREBELO > Termos gerais,5,roteiro-p05-l09,False,,,,human-review-pending,"licensed-representation,source-backed-explanation,human-anatomical-review"
cerebelo-folhas-do-cerebelo-d88771e4,cerebelo,Folhas do cerebelo,Folhas do cerebelo,conjunto,CEREBELO > Termos gerais,5,roteiro-p05-l10,False,,,,human-review-pending,"licensed-representation,source-backed-explanation,human-anatomical-review"
cerebelo-verme-do-cerebelo-6e4c39e8,cerebelo,Verme do cerebelo,Verme do cerebelo,estrutura-anatomica,CEREBELO > Termos gerais,5,roteiro-p05-l11,False,,,,human-review-pending,"licensed-representation,source-backed-explanation,human-anatomical-review"
cerebelo-cerebelo-vestibular-vestibulocerebelo-8ed6d42f,cerebelo,Cerebelo vestibular (vestibulocerebelo) *,Cerebelo vestibular,classificacao-funcional,CEREBELO > Termos gerais,5,roteiro-p05-l12,False,,,,human-review-pending,"licensed-representation,source-backed-explanation,human-anatomical-review,classificacoes-cerebelo"
cerebelo-cerebelo-espinal-espinocerebelo-f3092a3e,cerebelo,Cerebelo espinal (espinocerebelo) *,Cerebelo espinal,classificacao-funcional,CEREBELO > Termos gerais,5,roteiro-p05-l13,False,,,,human-review-pending,"licensed-representation,source-backed-explanation,human-anatomical-review,classificacoes-cerebelo"
cerebelo-cerebelo-cortical-corticocerebelo-bfc4d9cf,cerebelo,Cerebelo cortical (corticocerebelo) *,Cerebelo cortical,classificacao-funcional,CEREBELO > Termos gerais,5,roteiro-p05-l14,False,,,,human-review-pending,"licensed-representation,source-backed-explanation,human-anatomical-review,classificacoes-cerebelo"
cerebelo-arquicerebelo-81b0d2a5,cerebelo,Arquicerebelo **,Arquicerebelo,classificacao-filogenetica,CEREBELO > Termos gerais,5,roteiro-p05-l15,False,,,,human-review-pending,"licensed-representation,source-backed-explanation,human-anatomical-review,classificacoes-cerebelo"
cerebelo-paleocerebelo-07a53eb5,cerebelo,Paleocerebelo **,Paleocerebelo,classificacao-filogenetica,CEREBELO > Termos gerais,5,roteiro-p05-l16,False,,,,human-review-pending,"licensed-representation,source-backed-explanation,human-anatomical-review,classificacoes-cerebelo"
cerebelo-neocerebelo-34834093,cerebelo,Neocerebelo **,Neocerebelo,classificacao-filogenetica,CEREBELO > Termos gerais,5,roteiro-p05-l17,False,,,,human-review-pending,"licensed-representation,source-backed-explanation,human-anatomical-review,classificacoes-cerebelo"
cerebelo-lobo-anterior-do-cerebelo-b4fee3ab,cerebelo,Lobo anterior do cerebelo,Lobo anterior do cerebelo,estrutura-anatomica,CEREBELO > Morfologia externa (Hemisfério cerebelar),5,roteiro-p05-l21,False,,,,human-review-pending,"licensed-representation,source-backed-explanation,human-anatomical-review"
cerebelo-asa-do-lobulo-central-04ae6e65,cerebelo,Asa do lóbulo central,Asa do lóbulo central,estrutura-anatomica,CEREBELO > Morfologia externa (Hemisfério cerebelar) > Lobo anterior do cerebelo,5,roteiro-p05-l22,False,,,,human-review-pending,"licensed-representation,source-backed-explanation,human-anatomical-review"
cerebelo-lobulo-quadrangular-anterior-3489999d,cerebelo,lóbulo quadrangular anterior,lóbulo quadrangular anterior,estrutura-anatomica,CEREBELO > Morfologia externa (Hemisfério cerebelar) > Lobo anterior do cerebelo,5,roteiro-p05-l23,False,,,,human-review-pending,"licensed-representation,source-backed-explanation,human-anatomical-review"
cerebelo-fissura-primaria-be11f573,cerebelo,Fissura primária,Fissura primária,marco-de-superficie,CEREBELO > Morfologia externa (Hemisfério cerebelar),5,roteiro-p05-l24,False,,,,human-review-pending,"licensed-representation,source-backed-explanation,human-anatomical-review"
cerebelo-lobo-posterior-do-cerebelo-0d4b6cc4,cerebelo,Lobo posterior do cerebelo,Lobo posterior do cerebelo,estrutura-anatomica,CEREBELO > Morfologia externa (Hemisfério cerebelar),5,roteiro-p05-l25,False,,,,human-review-pending,"licensed-representation,source-backed-explanation,human-anatomical-review"
cerebelo-lobulo-quadrangular-posterior-34c797a5,cerebelo,Lóbulo quadrangular posterior,Lóbulo quadrangular posterior,estrutura-anatomica,CEREBELO > Morfologia externa (Hemisfério cerebelar) > Lobo posterior do cerebelo,5,roteiro-p05-l26,False,,,,human-review-pending,"licensed-representation,source-backed-explanation,human-anatomical-review"
cerebelo-fissura-pos-clival-e0956615,cerebelo,Fissura pós-clival,Fissura pós-clival,marco-de-superficie,CEREBELO > Morfologia externa (Hemisfério cerebelar) > Lobo posterior do cerebelo,5,roteiro-p05-l27,False,,,,human-review-pending,"licensed-representation,source-backed-explanation,human-anatomical-review"
cerebelo-lobulo-semilunar-superior-8455b536,cerebelo,Lóbulo semilunar superior,Lóbulo semilunar superior,estrutura-anatomica,CEREBELO > Morfologia externa (Hemisfério cerebelar) > Lobo posterior do cerebelo,5,roteiro-p05-l28,False,,,,human-review-pending,"licensed-representation,source-backed-explanation,human-anatomical-review"
cerebelo-fissura-horizontal-bde40778,cerebelo,Fissura horizontal,Fissura horizontal,marco-de-superficie,CEREBELO > Morfologia externa (Hemisfério cerebelar) > Lobo posterior do cerebelo,5,roteiro-p05-l29,False,,,,human-review-pending,"licensed-representation,source-backed-explanation,human-anatomical-review"
cerebelo-lobulo-semilunar-inferior-7d24ae52,cerebelo,Lóbulo semilunar inferior,Lóbulo semilunar inferior,estrutura-anatomica,CEREBELO > Morfologia externa (Hemisfério cerebelar) > Lobo posterior do cerebelo,5,roteiro-p05-l30,False,,,,human-review-pending,"licensed-representation,source-backed-explanation,human-anatomical-review"
cerebelo-fissura-pre-piramidal-173c4602,cerebelo,Fissura pré-piramidal,Fissura pré-piramidal,marco-de-superficie,CEREBELO > Morfologia externa (Hemisfério cerebelar) > Lobo posterior do cerebelo,5,roteiro-p05-l31,False,,,,human-review-pending,"licensed-representation,source-backed-explanation,human-anatomical-review"
cerebelo-lobulo-biventre-6c68149e,cerebelo,Lóbulo biventre,Lóbulo biventre,estrutura-anatomica,CEREBELO > Morfologia externa (Hemisfério cerebelar) > Lobo posterior do cerebelo,5,roteiro-p05-l32,False,,,,human-review-pending,"licensed-representation,source-backed-explanation,human-anatomical-review"
cerebelo-fissura-retro-tonsilar-secundaria-5252c35f,cerebelo,Fissura retro-tonsilar (secundária),Fissura retro-tonsilar (secundária),marco-de-superficie,CEREBELO > Morfologia externa (Hemisfério cerebelar) > Lobo posterior do cerebelo,5,roteiro-p05-l33,False,,,,human-review-pending,"licensed-representation,source-backed-explanation,human-anatomical-review"
cerebelo-tonsila-do-cerebelo-795a0029,cerebelo,Tonsila do cerebelo,Tonsila do cerebelo,estrutura-anatomica,CEREBELO > Morfologia externa (Hemisfério cerebelar) > Lobo posterior do cerebelo,5,roteiro-p05-l34,False,,,,human-review-pending,"licensed-representation,source-backed-explanation,human-anatomical-review"
cerebelo-fissura-postero-lateral-a5bf3d09,cerebelo,Fissura póstero-lateral,Fissura póstero-lateral,marco-de-superficie,CEREBELO > Morfologia externa (Hemisfério cerebelar) > Lobo posterior do cerebelo,5,roteiro-p05-l35,False,,,,human-review-pending,"licensed-representation,source-backed-explanation,human-anatomical-review"
cerebelo-lobo-floculo-nodular-ddc6fe8b,cerebelo,Lobo Flóculo-nodular,Lobo Flóculo-nodular,estrutura-anatomica,CEREBELO > Morfologia externa (Hemisfério cerebelar),5,roteiro-p05-l36,False,,,,human-review-pending,"licensed-representation,source-backed-explanation,human-anatomical-review"
cerebelo-floculo-do-cerebelo-c2794086,cerebelo,Flóculo do cerebelo,Flóculo do cerebelo,estrutura-anatomica,CEREBELO > Morfologia externa (Hemisfério cerebelar) > Lobo Flóculo-nodular,5,roteiro-p05-l37,False,,,,human-review-pending,"licensed-representation,source-backed-explanation,human-anatomical-review"
cerebelo-verme-do-cerebelo-9d4632b4,cerebelo,Verme do cerebelo,Verme do cerebelo,estrutura-anatomica,CEREBELO,5,roteiro-p05-l38,False,,,,human-review-pending,"licensed-representation,source-backed-explanation,human-anatomical-review"
cerebelo-lingula-do-verme-cdc58f66,cerebelo,Língula do verme,Língula do verme,estrutura-anatomica,CEREBELO > Verme do cerebelo,5,roteiro-p05-l39,False,,,,human-review-pending,"licensed-representation,source-backed-explanation,human-anatomical-review"
cerebelo-fissura-pre-central-f1c7e403,cerebelo,Fissura pré-central,Fissura pré-central,marco-de-superficie,CEREBELO > Verme do cerebelo,5,roteiro-p05-l40,False,,,,human-review-pending,"licensed-representation,source-backed-explanation,human-anatomical-review"
cerebelo-lobulo-central-c26f7e44,cerebelo,Lóbulo central,Lóbulo central,estrutura-anatomica,CEREBELO > Verme do cerebelo,5,roteiro-p05-l41,False,,,,human-review-pending,"licensed-representation,source-backed-explanation,human-anatomical-review"
cerebelo-fissura-pre-culminar-9eaa1ee4,cerebelo,Fissura pré-culminar,Fissura pré-culminar,marco-de-superficie,CEREBELO > Verme do cerebelo,5,roteiro-p05-l42,False,,,,human-review-pending,"licensed-representation,source-backed-explanation,human-anatomical-review"
cerebelo-culmen-a7a1ac06,cerebelo,Cúlmen,Cúlmen,estrutura-anatomica,CEREBELO > Verme do cerebelo,5,roteiro-p05-l43,False,,,,human-review-pending,"licensed-representation,source-backed-explanation,human-anatomical-review"
cerebelo-parte-anterior-99b640ba,cerebelo,Parte anterior,Parte anterior,estrutura-anatomica,CEREBELO > Verme do cerebelo > Cúlmen,5,roteiro-p05-l44,False,,,,human-review-pending,"licensed-representation,source-backed-explanation,human-anatomical-review"
cerebelo-fissura-intraculminal-d0444b1e,cerebelo,Fissura intraculminal,Fissura intraculminal,marco-de-superficie,CEREBELO > Verme do cerebelo,5,roteiro-p05-l45,False,,,,human-review-pending,"licensed-representation,source-backed-explanation,human-anatomical-review"
cerebelo-parte-posterior-73ddda88,cerebelo,Parte posterior,Parte posterior,estrutura-anatomica,CEREBELO > Verme do cerebelo > Fissura intraculminal,5,roteiro-p05-l46,False,,,,human-review-pending,"licensed-representation,source-backed-explanation,human-anatomical-review,culmen-partes"
cerebelo-declive-ef37db72,cerebelo,Declive,Declive,estrutura-anatomica,CEREBELO > Verme do cerebelo,5,roteiro-p05-l47,False,,,,human-review-pending,"licensed-representation,source-backed-explanation,human-anatomical-review"
cerebelo-fissura-pos-clival-34e38a32,cerebelo,Fissura pós-clival,Fissura pós-clival,marco-de-superficie,CEREBELO > Verme do cerebelo,5,roteiro-p05-l48,False,,,,human-review-pending,"licensed-representation,source-backed-explanation,human-anatomical-review"
cerebelo-folha-do-verme-e3b525bb,cerebelo,Folha do verme,Folha do verme,estrutura-anatomica,CEREBELO > Verme do cerebelo,5,roteiro-p05-l49,False,,,,human-review-pending,"licensed-representation,source-backed-explanation,human-anatomical-review"
cerebelo-fissura-horizontal-2321c841,cerebelo,Fissura horizontal,Fissura horizontal,marco-de-superficie,CEREBELO > Verme do cerebelo,5,roteiro-p05-l50,False,,,,human-review-pending,"licensed-representation,source-backed-explanation,human-anatomical-review"
cerebelo-tuber-do-verme-f229544b,cerebelo,Túber do verme,Túber do verme,estrutura-anatomica,CEREBELO > Verme do cerebelo,5,roteiro-p05-l51,False,,,,human-review-pending,"licensed-representation,source-backed-explanation,human-anatomical-review"
cerebelo-fissura-pre-piramidal-e0f52606,cerebelo,Fissura pré-piramidal,Fissura pré-piramidal,marco-de-superficie,CEREBELO > Verme do cerebelo,5,roteiro-p05-l52,False,,,,human-review-pending,"licensed-representation,source-backed-explanation,human-anatomical-review"
cerebelo-piramide-do-verme-30c76faf,cerebelo,Pirâmide do verme,Pirâmide do verme,estrutura-anatomica,CEREBELO > Verme do cerebelo,5,roteiro-p05-l53,False,,,,human-review-pending,"licensed-representation,source-backed-explanation,human-anatomical-review"
cerebelo-fissura-pos-piramidal-21d980e3,cerebelo,Fissura pós-piramidal,Fissura pós-piramidal,marco-de-superficie,CEREBELO > Verme do cerebelo,5,roteiro-p05-l54,False,,,,human-review-pending,"licensed-representation,source-backed-explanation,human-anatomical-review"
cerebelo-uvula-e344348a,cerebelo,Úvula,Úvula,estrutura-anatomica,CEREBELO > Verme do cerebelo,5,roteiro-p05-l55,False,,,,human-review-pending,"licensed-representation,source-backed-explanation,human-anatomical-review"
cerebelo-fissura-postero-lateral-99c814f0,cerebelo,Fissura póstero-lateral,Fissura póstero-lateral,marco-de-superficie,CEREBELO > Verme do cerebelo,5,roteiro-p05-l56,False,,,,human-review-pending,"licensed-representation,source-backed-explanation,human-anatomical-review"
cerebelo-nodulo-927ad40f,cerebelo,Nódulo,Nódulo,estrutura-anatomica,CEREBELO > Verme do cerebelo,5,roteiro-p05-l57,False,,,,human-review-pending,"licensed-representation,source-backed-explanation,human-anatomical-review"
cerebelo-cortex-cerebelar-estrato-granuloso-estrato-de-purkinje-e-estrato--879a88de,cerebelo,"Córtex cerebelar (estrato granuloso, estrato de Purkinje e estrato molecular)","Córtex cerebelar (estrato granuloso, estrato de Purkinje e estrato molecular)",estrutura-anatomica,CEREBELO > Morfologia interna,6,roteiro-p06-l02,True,,,,human-review-pending,"licensed-representation,human-anatomical-review"
cerebelo-corpo-medular-do-cerebelo-arvore-da-vida-3ca1f4e7,cerebelo,Corpo medular do cerebelo (árvore da vida),Corpo medular do cerebelo,estrutura-anatomica,CEREBELO > Morfologia interna,6,roteiro-p06-l03,True,,"spl-7,spl-46",,human-review-pending,"licensed-representation,human-anatomical-review"
cerebelo-nucleos-c6bc7d59,cerebelo,Núcleos,Núcleos,conjunto,CEREBELO > Morfologia interna,6,roteiro-p06-l04,False,,,,human-review-pending,"licensed-representation,source-backed-explanation,human-anatomical-review"
cerebelo-nucleo-denteado-8822ee2d,cerebelo,Núcleo denteado,Núcleo denteado,estrutura-anatomica,CEREBELO > Morfologia interna > Núcleos,6,roteiro-p06-l05,True,"spl-371,spl-375",,"spl-371,spl-375",human-review-pending,"licensed-representation,human-anatomical-review"
cerebelo-nucleo-globoso-40683f79,cerebelo,Núcleo globoso,Núcleo globoso,estrutura-anatomica,CEREBELO > Morfologia interna > Núcleos,6,roteiro-p06-l06,True,,,,human-review-pending,"licensed-representation,human-anatomical-review"
cerebelo-nucleo-emboliforme-ad2254c5,cerebelo,Núcleo emboliforme,Núcleo emboliforme,estrutura-anatomica,CEREBELO > Morfologia interna > Núcleos,6,roteiro-p06-l07,True,,,,human-review-pending,"licensed-representation,human-anatomical-review"
cerebelo-nucleo-do-fastigio-69f13ad3,cerebelo,Núcleo do fastígio,Núcleo do fastígio,estrutura-anatomica,CEREBELO > Morfologia interna > Núcleos,6,roteiro-p06-l08,True,,,,human-review-pending,"licensed-representation,human-anatomical-review"
cerebelo-pedunculos-cerebelares-d1e8c47a,cerebelo,Pedúnculos cerebelares,Pedúnculos cerebelares,conjunto,CEREBELO > Morfologia interna,6,roteiro-p06-l09,False,,,,human-review-pending,"licensed-representation,source-backed-explanation,human-anatomical-review"
cerebelo-pedunculo-cerebelar-superior-39c29cff,cerebelo,Pedúnculo cerebelar superior,Pedúnculo cerebelar superior,estrutura-anatomica,CEREBELO > Morfologia interna > Pedúnculos cerebelares,6,roteiro-p06-l10,True,,,,human-review-pending,"licensed-representation,human-anatomical-review"
cerebelo-pedunculo-cerebelar-medio-73940a29,cerebelo,Pedúnculo cerebelar médio,Pedúnculo cerebelar médio,estrutura-anatomica,CEREBELO > Morfologia interna > Pedúnculos cerebelares,6,roteiro-p06-l11,True,,,,human-review-pending,"licensed-representation,human-anatomical-review"
cerebelo-pedunculo-cerebelar-inferior-e1e78fdc,cerebelo,Pedúnculo cerebelar inferior,Pedúnculo cerebelar inferior,estrutura-anatomica,CEREBELO > Morfologia interna > Pedúnculos cerebelares,6,roteiro-p06-l12,True,,,,human-review-pending,"licensed-representation,human-anatomical-review"
diencefalo-talamo-20aea582,diencefalo,Tálamo,Tálamo,estrutura-anatomica,DIENCÉFALO,6,roteiro-p06-l14,True,,,,human-review-pending,"licensed-representation,human-anatomical-review"
diencefalo-tuberculo-anterior-do-talamo-d515de74,diencefalo,Tubérculo anterior do tálamo,Tubérculo anterior do tálamo,marco-de-superficie,DIENCÉFALO > Tálamo,6,roteiro-p06-l15,False,,,,human-review-pending,"licensed-representation,source-backed-explanation,human-anatomical-review"
diencefalo-aderencia-intertalamica-7fe63b40,diencefalo,Aderência intertalâmica,Aderência intertalâmica,estrutura-anatomica,DIENCÉFALO > Tálamo,6,roteiro-p06-l16,False,,,,human-review-pending,"licensed-representation,source-backed-explanation,human-anatomical-review"
diencefalo-pulvinar-do-talamo-6eccfe61,diencefalo,Pulvinar do tálamo,Pulvinar do tálamo,estrutura-anatomica,DIENCÉFALO > Tálamo,6,roteiro-p06-l17,True,"spl-506,spl-507",,spl-507,human-review-pending,"licensed-representation,human-anatomical-review,source-mesh-volume-discrepancy"
diencefalo-estria-terminal-do-talamo-ae0381fe,diencefalo,Estria terminal do tálamo,Estria terminal do tálamo,estrutura-anatomica,DIENCÉFALO > Tálamo,6,roteiro-p06-l18,False,,,,human-review-pending,"licensed-representation,source-backed-explanation,human-anatomical-review"
diencefalo-estria-medular-do-talamo-75747d6f,diencefalo,Estria medular do tálamo,Estria medular do tálamo,estrutura-anatomica,DIENCÉFALO > Tálamo,6,roteiro-p06-l19,False,,,,human-review-pending,"licensed-representation,source-backed-explanation,human-anatomical-review"
diencefalo-hipotalamo-1c27b2c3,diencefalo,Hipotálamo,Hipotálamo,estrutura-anatomica,DIENCÉFALO,6,roteiro-p06-l20,True,,,,human-review-pending,"licensed-representation,human-anatomical-review"
diencefalo-lamina-terminal-c2f581bf,diencefalo,Lâmina terminal,Lâmina terminal,estrutura-anatomica,DIENCÉFALO > Hipotálamo,6,roteiro-p06-l21,False,,,,human-review-pending,"licensed-representation,source-backed-explanation,human-anatomical-review"
diencefalo-sulco-hipotalamico-e3c35bd6,diencefalo,Sulco hipotalâmico,Sulco hipotalâmico,marco-de-superficie,DIENCÉFALO > Hipotálamo,6,roteiro-p06-l22,False,,,,human-review-pending,"licensed-representation,source-backed-explanation,human-anatomical-review"
diencefalo-quiasma-optico-536987e8,diencefalo,Quiasma óptico,Quiasma óptico,estrutura-anatomica,DIENCÉFALO > Hipotálamo,6,roteiro-p06-l23,True,spl-85,,spl-85,human-review-pending,"licensed-representation,human-anatomical-review"
diencefalo-trato-optico-5ad5a505,diencefalo,Trato óptico,Trato óptico,estrutura-anatomica,DIENCÉFALO > Hipotálamo,6,roteiro-p06-l24,True,"spl-78,spl-216",,"spl-78,spl-216",human-review-pending,"licensed-representation,human-anatomical-review"
diencefalo-neuro-hipofise-a6011498,diencefalo,Neuro-hipófise,Neuro-hipófise,estrutura-anatomica,DIENCÉFALO > Hipotálamo,6,roteiro-p06-l25,False,,,,human-review-pending,"licensed-representation,source-backed-explanation,human-anatomical-review"
diencefalo-infundibulo-83601a61,diencefalo,Infundíbulo,Infundíbulo,estrutura-anatomica,DIENCÉFALO > Hipotálamo,6,roteiro-p06-l26,True,spl-3008,,spl-3008,human-review-pending,"licensed-representation,human-anatomical-review"
diencefalo-tuber-cinerio-479da178,diencefalo,Túber cinério,Túber cinério,estrutura-anatomica,DIENCÉFALO > Hipotálamo,6,roteiro-p06-l27,False,,,,human-review-pending,"licensed-representation,source-backed-explanation,human-anatomical-review"
diencefalo-eminencia-mediana-35b89c82,diencefalo,Eminência mediana,Eminência mediana,marco-de-superficie,DIENCÉFALO > Hipotálamo > Túber cinério,6,roteiro-p06-l28,False,,,,human-review-pending,"licensed-representation,source-backed-explanation,human-anatomical-review"
diencefalo-corpo-mamilar-de58528f,diencefalo,Corpo mamilar,Corpo mamilar,estrutura-anatomica,DIENCÉFALO > Hipotálamo,6,roteiro-p06-l29,True,"spl-3002,spl-3003",,"spl-3002,spl-3003",human-review-pending,"licensed-representation,human-anatomical-review"
diencefalo-epitalamo-06295c46,diencefalo,Epitálamo,Epitálamo,estrutura-anatomica,DIENCÉFALO,6,roteiro-p06-l30,False,,,,human-review-pending,"licensed-representation,source-backed-explanation,human-anatomical-review"
diencefalo-trigono-da-habenula-cea8571a,diencefalo,Trígono da habênula,Trígono da habênula,marco-de-superficie,DIENCÉFALO > Epitálamo,6,roteiro-p06-l31,False,,,,human-review-pending,"licensed-representation,source-backed-explanation,human-anatomical-review"
diencefalo-glandula-pineal-a672b9b7,diencefalo,Glândula pineal,Glândula pineal,estrutura-anatomica,DIENCÉFALO > Epitálamo,6,roteiro-p06-l32,True,spl-72,,spl-72,human-review-pending,"licensed-representation,human-anatomical-review"
diencefalo-metatalamo-601ed93b,diencefalo,Metatálamo,Metatálamo,estrutura-anatomica,DIENCÉFALO,6,roteiro-p06-l33,True,,,,human-review-pending,"licensed-representation,human-anatomical-review"
diencefalo-corpo-geniculado-medial-75f76c2a,diencefalo,Corpo geniculado medial,Corpo geniculado medial,estrutura-anatomica,DIENCÉFALO > Metatálamo,6,roteiro-p06-l34,True,"spl-502,spl-503",,"spl-502,spl-503",human-review-pending,"licensed-representation,human-anatomical-review"
diencefalo-corpo-geniculado-lateral-2689b2de,diencefalo,Corpo geniculado lateral,Corpo geniculado lateral,estrutura-anatomica,DIENCÉFALO > Metatálamo,6,roteiro-p06-l35,True,"spl-504,spl-505",,"spl-504,spl-505",human-review-pending,"licensed-representation,human-anatomical-review"
diencefalo-subtalamo-9c29786d,diencefalo,Subtálamo,Subtálamo,estrutura-anatomica,DIENCÉFALO,6,roteiro-p06-l36,False,,,,human-review-pending,"licensed-representation,source-backed-explanation,human-anatomical-review"
diencefalo-nucleo-subtalamico-1a3b83b4,diencefalo,Núcleo subtalâmico,Núcleo subtalâmico,estrutura-anatomica,DIENCÉFALO > Subtálamo,6,roteiro-p06-l37,True,"spl-390,spl-391",,"spl-390,spl-391",human-review-pending,"licensed-representation,human-anatomical-review"
diencefalo-terceiro-ventriculo-30114fda,diencefalo,Terceiro ventrículo,Terceiro ventrículo,espaco,DIENCÉFALO,6,roteiro-p06-l38,True,spl-24,,spl-24,human-review-pending,"licensed-representation,human-anatomical-review"
diencefalo-forame-interventricular-forame-de-monro-c527fb30,diencefalo,Forame interventricular “Forame de Monro”,Forame interventricular,marco-de-superficie,DIENCÉFALO > Terceiro ventrículo,6,roteiro-p06-l39,False,,,,human-review-pending,"licensed-representation,source-backed-explanation,human-anatomical-review"
diencefalo-recesso-pineal-5a960204,diencefalo,Recesso pineal,Recesso pineal,espaco,DIENCÉFALO > Terceiro ventrículo,6,roteiro-p06-l40,False,,,,human-review-pending,"licensed-representation,source-backed-explanation,human-anatomical-review"
diencefalo-recesso-supra-pineal-ba0ad658,diencefalo,Recesso supra-pineal,Recesso supra-pineal,espaco,DIENCÉFALO > Terceiro ventrículo,6,roteiro-p06-l41,False,,,,human-review-pending,"licensed-representation,source-backed-explanation,human-anatomical-review"
diencefalo-recesso-infundibular-108eea95,diencefalo,Recesso infundibular,Recesso infundibular,espaco,DIENCÉFALO > Terceiro ventrículo,6,roteiro-p06-l42,False,,,,human-review-pending,"licensed-representation,source-backed-explanation,human-anatomical-review"
diencefalo-recesso-supra-optico-d3f6943d,diencefalo,Recesso supra-óptico,Recesso supra-óptico,espaco,DIENCÉFALO > Terceiro ventrículo,6,roteiro-p06-l43,False,,,,human-review-pending,"licensed-representation,source-backed-explanation,human-anatomical-review"
diencefalo-lamina-terminal-8e966dec,diencefalo,Lâmina terminal,Lâmina terminal,estrutura-anatomica,DIENCÉFALO > Terceiro ventrículo,6,roteiro-p06-l44,False,,,,human-review-pending,"licensed-representation,source-backed-explanation,human-anatomical-review"
diencefalo-sulco-hipotalamico-22564b3a,diencefalo,Sulco hipotalâmico,Sulco hipotalâmico,marco-de-superficie,DIENCÉFALO > Terceiro ventrículo,6,roteiro-p06-l45,False,,,,human-review-pending,"licensed-representation,source-backed-explanation,human-anatomical-review"
diencefalo-abertura-do-aqueduto-do-mesencefalo-67c38964,diencefalo,Abertura do aqueduto do mesencéfalo,Abertura do aqueduto do mesencéfalo,marco-de-superficie,DIENCÉFALO > Terceiro ventrículo,6,roteiro-p06-l46,False,,,,human-review-pending,"licensed-representation,source-backed-explanation,human-anatomical-review"
diencefalo-plexo-corioideo-do-terceiro-ventriculo-7b1eb615,diencefalo,Plexo corióideo do terceiro ventrículo,Plexo corióideo do terceiro ventrículo,estrutura-anatomica,DIENCÉFALO > Terceiro ventrículo,6,roteiro-p06-l47,False,,,,human-review-pending,"licensed-representation,source-backed-explanation,human-anatomical-review"
telencefalo-hemisferio-cerebral-2fa52677,telencefalo,Hemisfério Cerebral,Hemisfério Cerebral,estrutura-anatomica,TELENCÉFALO,6,roteiro-p06-l49,False,,,,human-review-pending,"licensed-representation,source-backed-explanation,human-anatomical-review"
telencefalo-fissura-longitudinal-do-cerebro-ba2aea14,telencefalo,Fissura longitudinal do cérebro,Fissura longitudinal do cérebro,marco-de-superficie,TELENCÉFALO > Hemisfério Cerebral,7,roteiro-p07-l01,False,,,,human-review-pending,"licensed-representation,source-backed-explanation,human-anatomical-review"
telencefalo-polo-frontal-0a8d22db,telencefalo,Pólo frontal,Pólo frontal,marco-de-superficie,TELENCÉFALO > Hemisfério Cerebral,7,roteiro-p07-l02,True,"spl-1032,spl-2032",,"spl-1032,spl-2032",human-review-pending,"licensed-representation,human-anatomical-review"
telencefalo-polo-temporal-7c2d02ee,telencefalo,Pólo temporal,Pólo temporal,marco-de-superficie,TELENCÉFALO > Hemisfério Cerebral,7,roteiro-p07-l03,True,"spl-1033,spl-2033",,"spl-1033,spl-2033",human-review-pending,"licensed-representation,human-anatomical-review"
telencefalo-polo-occipital-451c129e,telencefalo,Pólo occipital,Pólo occipital,marco-de-superficie,TELENCÉFALO > Hemisfério Cerebral,7,roteiro-p07-l04,False,,,,human-review-pending,"licensed-representation,source-backed-explanation,human-anatomical-review"
telencefalo-sulco-central-b7bb9ed6,telencefalo,Sulco central,Sulco central,marco-de-superficie,TELENCÉFALO > Face súpero-lateral,7,roteiro-p07-l06,True,"spl-5003,spl-5004",,"spl-5003,spl-5004",human-review-pending,"licensed-representation,human-anatomical-review"
telencefalo-sulco-lateral-0fc4ef2c,telencefalo,Sulco lateral,Sulco lateral,marco-de-superficie,TELENCÉFALO > Face súpero-lateral,7,roteiro-p07-l07,False,,,,human-review-pending,"licensed-representation,source-backed-explanation,human-anatomical-review"
telencefalo-ramo-posterior-f1df9328,telencefalo,Ramo posterior,Ramo posterior,estrutura-anatomica,TELENCÉFALO > Face súpero-lateral > Sulco lateral,7,roteiro-p07-l08,False,,,,human-review-pending,"licensed-representation,source-backed-explanation,human-anatomical-review"
telencefalo-ramo-ascendente-e207b0df,telencefalo,Ramo ascendente,Ramo ascendente,estrutura-anatomica,TELENCÉFALO > Face súpero-lateral > Sulco lateral,7,roteiro-p07-l09,False,,,,human-review-pending,"licensed-representation,source-backed-explanation,human-anatomical-review"
telencefalo-ramo-anterior-b3519b86,telencefalo,Ramo anterior,Ramo anterior,estrutura-anatomica,TELENCÉFALO > Face súpero-lateral > Sulco lateral,7,roteiro-p07-l10,False,,,,human-review-pending,"licensed-representation,source-backed-explanation,human-anatomical-review"
telencefalo-incisura-pre-occipital-9b5c7c26,telencefalo,Incisura pré-occipital,Incisura pré-occipital,marco-de-superficie,TELENCÉFALO > Face súpero-lateral,7,roteiro-p07-l11,False,,,,human-review-pending,"licensed-representation,source-backed-explanation,human-anatomical-review"
telencefalo-lobo-frontal-2a9941df,telencefalo,Lobo Frontal,Lobo Frontal,estrutura-anatomica,TELENCÉFALO > Face súpero-lateral,7,roteiro-p07-l12,False,,,,human-review-pending,"licensed-representation,source-backed-explanation,human-anatomical-review"
telencefalo-polo-frontal-e097bba2,telencefalo,Pólo frontal,Pólo frontal,marco-de-superficie,TELENCÉFALO > Face súpero-lateral > Lobo Frontal,7,roteiro-p07-l13,True,"spl-1032,spl-2032",,"spl-1032,spl-2032",human-review-pending,"licensed-representation,human-anatomical-review"
telencefalo-giro-frontal-inferior-6c517e37,telencefalo,Giro frontal inferior,Giro frontal inferior,estrutura-anatomica,TELENCÉFALO > Face súpero-lateral > Lobo Frontal,7,roteiro-p07-l14,False,,,,human-review-pending,"licensed-representation,source-backed-explanation,human-anatomical-review"
telencefalo-parte-orbital-532213f5,telencefalo,Parte orbital,Parte orbital,estrutura-anatomica,TELENCÉFALO > Face súpero-lateral > Lobo Frontal > Giro frontal inferior,7,roteiro-p07-l15,True,"spl-1019,spl-2019",,"spl-1019,spl-2019",human-review-pending,"licensed-representation,human-anatomical-review"
telencefalo-parte-triangular-58a64156,telencefalo,Parte triangular,Parte triangular,estrutura-anatomica,TELENCÉFALO > Face súpero-lateral > Lobo Frontal > Giro frontal inferior,7,roteiro-p07-l16,True,"spl-1020,spl-2020",,"spl-1020,spl-2020",human-review-pending,"licensed-representation,human-anatomical-review"
telencefalo-parte-opercular-001eded5,telencefalo,Parte opercular,Parte opercular,estrutura-anatomica,TELENCÉFALO > Face súpero-lateral > Lobo Frontal > Giro frontal inferior,7,roteiro-p07-l17,True,"spl-1018,spl-2018",,"spl-1018,spl-2018",human-review-pending,"licensed-representation,human-anatomical-review"
telencefalo-sulco-frontal-inferior-4460d245,telencefalo,Sulco frontal inferior,Sulco frontal inferior,marco-de-superficie,TELENCÉFALO > Face súpero-lateral > Lobo Frontal,7,roteiro-p07-l18,True,"spl-5009,spl-5010",,"spl-5009,spl-5010",human-review-pending,"licensed-representation,human-anatomical-review"
telencefalo-giro-frontal-medio-0e07baeb,telencefalo,Giro frontal médio,Giro frontal médio,estrutura-anatomica,TELENCÉFALO > Face súpero-lateral > Lobo Frontal,7,roteiro-p07-l19,False,,,,human-review-pending,"licensed-representation,source-backed-explanation,human-anatomical-review"
telencefalo-sulco-frontal-superior-5cfd17a2,telencefalo,Sulco frontal superior,Sulco frontal superior,marco-de-superficie,TELENCÉFALO > Face súpero-lateral > Lobo Frontal,7,roteiro-p07-l20,True,"spl-5019,spl-5020",,"spl-5019,spl-5020",human-review-pending,"licensed-representation,human-anatomical-review"
telencefalo-giro-frontal-superior-5e3f312d,telencefalo,Giro frontal superior,Giro frontal superior,estrutura-anatomica,TELENCÉFALO > Face súpero-lateral > Lobo Frontal,7,roteiro-p07-l21,True,"spl-1028,spl-2028",,"spl-1028,spl-2028",human-review-pending,"licensed-representation,human-anatomical-review"
telencefalo-sulco-pre-central-5cb9ee8d,telencefalo,Sulco pré- central,Sulco pré- central,marco-de-superficie,TELENCÉFALO > Face súpero-lateral > Lobo Frontal,7,roteiro-p07-l22,True,"spl-5017,spl-5018",,"spl-5017,spl-5018",human-review-pending,"licensed-representation,human-anatomical-review"
telencefalo-giro-pre-central-79683e28,telencefalo,Giro pré-central,Giro pré-central,estrutura-anatomica,TELENCÉFALO > Face súpero-lateral > Lobo Frontal,7,roteiro-p07-l23,True,"spl-1024,spl-2024",,"spl-1024,spl-2024",human-review-pending,"licensed-representation,human-anatomical-review"
telencefalo-lobo-parietal-8e9a6e1e,telencefalo,Lobo parietal,Lobo parietal,estrutura-anatomica,TELENCÉFALO > Face súpero-lateral,7,roteiro-p07-l24,False,,,,human-review-pending,"licensed-representation,source-backed-explanation,human-anatomical-review"
telencefalo-lobulo-parietal-superior-c01e55dd,telencefalo,Lóbulo parietal superior,Lóbulo parietal superior,estrutura-anatomica,TELENCÉFALO > Face súpero-lateral > Lobo parietal,7,roteiro-p07-l25,True,"spl-1029,spl-2029",,"spl-1029,spl-2029",human-review-pending,"licensed-representation,human-anatomical-review"
telencefalo-sulco-intraparietal-68aeecb3,telencefalo,Sulco intraparietal,Sulco intraparietal,marco-de-superficie,TELENCÉFALO > Face súpero-lateral > Lobo parietal,7,roteiro-p07-l26,True,"spl-5011,spl-5012",,"spl-5011,spl-5012",human-review-pending,"licensed-representation,human-anatomical-review"
telencefalo-lobulo-parietal-inferior-2e265117,telencefalo,Lóbulo parietal inferior,Lóbulo parietal inferior,estrutura-anatomica,TELENCÉFALO > Face súpero-lateral > Lobo parietal,7,roteiro-p07-l27,False,,,,human-review-pending,"licensed-representation,source-backed-explanation,human-anatomical-review"
telencefalo-giro-supramarginal-7e35de67,telencefalo,Giro supramarginal,Giro supramarginal,estrutura-anatomica,TELENCÉFALO > Face súpero-lateral > Lobo parietal > Lóbulo parietal inferior,7,roteiro-p07-l28,True,"spl-1031,spl-2031",,"spl-1031,spl-2031",human-review-pending,"licensed-representation,human-anatomical-review"
telencefalo-giro-angular-a46220f5,telencefalo,Giro angular,Giro angular,estrutura-anatomica,TELENCÉFALO > Face súpero-lateral > Lobo parietal > Lóbulo parietal inferior,7,roteiro-p07-l29,False,,,,human-review-pending,"licensed-representation,source-backed-explanation,human-anatomical-review"
telencefalo-lobo-occipital-b7995d2f,telencefalo,Lobo occipital,Lobo occipital,estrutura-anatomica,TELENCÉFALO > Face súpero-lateral,7,roteiro-p07-l30,False,,,,human-review-pending,"licensed-representation,source-backed-explanation,human-anatomical-review"
telencefalo-polo-occipital-5547d3a1,telencefalo,Pólo occipital,Pólo occipital,marco-de-superficie,TELENCÉFALO > Face súpero-lateral > Lobo occipital,7,roteiro-p07-l31,False,,,,human-review-pending,"licensed-representation,source-backed-explanation,human-anatomical-review"
telencefalo-sulco-semilunar-928e9a54,telencefalo,Sulco semilunar,Sulco semilunar,marco-de-superficie,TELENCÉFALO > Face súpero-lateral > Lobo occipital,7,roteiro-p07-l32,False,,,,human-review-pending,"licensed-representation,source-backed-explanation,human-anatomical-review"
telencefalo-sulco-occipital-transverso-7b83026a,telencefalo,Sulco occipital transverso,Sulco occipital transverso,marco-de-superficie,TELENCÉFALO > Face súpero-lateral > Lobo occipital,7,roteiro-p07-l33,False,,,,human-review-pending,"licensed-representation,source-backed-explanation,human-anatomical-review"
telencefalo-incisura-pre-occipital-c85e2d1c,telencefalo,Incisura pré-occipital,Incisura pré-occipital,marco-de-superficie,TELENCÉFALO > Face súpero-lateral > Lobo occipital,7,roteiro-p07-l34,False,,,,human-review-pending,"licensed-representation,source-backed-explanation,human-anatomical-review"
telencefalo-lobo-temporal-dce8ed9b,telencefalo,Lobo temporal,Lobo temporal,estrutura-anatomica,TELENCÉFALO > Face súpero-lateral,7,roteiro-p07-l35,False,,,,human-review-pending,"licensed-representation,source-backed-explanation,human-anatomical-review"
telencefalo-polo-temporal-7598c735,telencefalo,Pólo temporal,Pólo temporal,marco-de-superficie,TELENCÉFALO > Face súpero-lateral > Lobo temporal,7,roteiro-p07-l36,True,"spl-1033,spl-2033",,"spl-1033,spl-2033",human-review-pending,"licensed-representation,human-anatomical-review"
telencefalo-giro-temporal-superior-6d9bb05c,telencefalo,Giro temporal superior,Giro temporal superior,estrutura-anatomica,TELENCÉFALO > Face súpero-lateral > Lobo temporal,7,roteiro-p07-l37,True,"spl-1030,spl-2030",,"spl-1030,spl-2030",human-review-pending,"licensed-representation,human-anatomical-review"
telencefalo-giro-temporal-transverso-d805bb5e,telencefalo,Giro temporal transverso,Giro temporal transverso,estrutura-anatomica,TELENCÉFALO > Face súpero-lateral > Lobo temporal,7,roteiro-p07-l38,True,"spl-1034,spl-2034",,"spl-1034,spl-2034",human-review-pending,"licensed-representation,human-anatomical-review"
telencefalo-giro-temporal-transverso-anterior-7c37252e,telencefalo,Giro temporal transverso anterior,Giro temporal transverso anterior,estrutura-anatomica,TELENCÉFALO > Face súpero-lateral > Lobo temporal > Giro temporal transverso,7,roteiro-p07-l39,False,,,,human-review-pending,"licensed-representation,source-backed-explanation,human-anatomical-review"
telencefalo-giro-temporal-transverso-posterior-6ad85592,telencefalo,Giro temporal transverso posterior,Giro temporal transverso posterior,estrutura-anatomica,TELENCÉFALO > Face súpero-lateral > Lobo temporal > Giro temporal transverso,7,roteiro-p07-l40,False,,,,human-review-pending,"licensed-representation,source-backed-explanation,human-anatomical-review"
telencefalo-sulco-temporal-transverso-689d962a,telencefalo,Sulco temporal transverso,Sulco temporal transverso,marco-de-superficie,TELENCÉFALO > Face súpero-lateral > Lobo temporal,7,roteiro-p07-l41,False,,,,human-review-pending,"licensed-representation,source-backed-explanation,human-anatomical-review"
telencefalo-sulco-temporal-superior-34b7837f,telencefalo,Sulco temporal superior,Sulco temporal superior,marco-de-superficie,TELENCÉFALO > Face súpero-lateral > Lobo temporal,7,roteiro-p07-l42,True,"spl-5021,spl-5022",,"spl-5021,spl-5022",human-review-pending,"licensed-representation,human-anatomical-review"
telencefalo-giro-temporal-medio-2aa7759f,telencefalo,Giro temporal médio,Giro temporal médio,estrutura-anatomica,TELENCÉFALO > Face súpero-lateral > Lobo temporal,7,roteiro-p07-l43,True,"spl-1015,spl-2015",,"spl-1015,spl-2015",human-review-pending,"licensed-representation,human-anatomical-review"
telencefalo-sulco-temporal-inferior-7e601b3e,telencefalo,Sulco temporal inferior,Sulco temporal inferior,marco-de-superficie,TELENCÉFALO > Face súpero-lateral > Lobo temporal,7,roteiro-p07-l44,False,,,,human-review-pending,"licensed-representation,source-backed-explanation,human-anatomical-review"
telencefalo-giro-temporal-inferior-aaaa049f,telencefalo,Giro temporal inferior,Giro temporal inferior,estrutura-anatomica,TELENCÉFALO > Face súpero-lateral > Lobo temporal,7,roteiro-p07-l45,True,"spl-1009,spl-2009",,"spl-1009,spl-2009",human-review-pending,"licensed-representation,human-anatomical-review"
telencefalo-lobo-insular-26f132cb,telencefalo,Lobo insular,Lobo insular,estrutura-anatomica,TELENCÉFALO > Face súpero-lateral,7,roteiro-p07-l46,True,,,,human-review-pending,"licensed-representation,human-anatomical-review"
telencefalo-sulco-circular-da-insula-04ff475f,telencefalo,Sulco circular da ínsula,Sulco circular da ínsula,marco-de-superficie,TELENCÉFALO > Face súpero-lateral > Lobo insular,7,roteiro-p07-l47,False,,,,human-review-pending,"licensed-representation,source-backed-explanation,human-anatomical-review"
telencefalo-sulco-central-da-insula-ad9ffde8,telencefalo,Sulco central da ínsula,Sulco central da ínsula,marco-de-superficie,TELENCÉFALO > Face súpero-lateral > Lobo insular,7,roteiro-p07-l48,True,,,,human-review-pending,"licensed-representation,human-anatomical-review"
telencefalo-giros-longos-da-insula-7225b1f9,telencefalo,Giros longos da ínsula,Giros longos da ínsula,conjunto,TELENCÉFALO > Face súpero-lateral > Lobo insular,7,roteiro-p07-l49,True,,,,human-review-pending,"licensed-representation,human-anatomical-review"
telencefalo-giros-curtos-da-insula-aa93c24d,telencefalo,Giros curtos da ínsula,Giros curtos da ínsula,conjunto,TELENCÉFALO > Face súpero-lateral > Lobo insular,7,roteiro-p07-l50,True,,,,human-review-pending,"licensed-representation,human-anatomical-review"
telencefalo-sulco-do-corpo-caloso-b86580c6,telencefalo,Sulco do corpo caloso,Sulco do corpo caloso,marco-de-superficie,TELENCÉFALO > Face medial e inferior,7,roteiro-p07-l52,False,,,,human-review-pending,"licensed-representation,source-backed-explanation,human-anatomical-review"
telencefalo-sulco-do-cingulo-5b1293be,telencefalo,Sulco do cíngulo,Sulco do cíngulo,marco-de-superficie,TELENCÉFALO > Face medial e inferior,7,roteiro-p07-l53,True,"spl-5005,spl-5006",,"spl-5005,spl-5006",human-review-pending,"licensed-representation,human-anatomical-review"
telencefalo-ramo-marginal-395e2128,telencefalo,Ramo marginal,Ramo marginal,estrutura-anatomica,TELENCÉFALO > Face medial e inferior > Sulco do cíngulo,7,roteiro-p07-l54,False,,,,human-review-pending,"licensed-representation,source-backed-explanation,human-anatomical-review"
telencefalo-sulco-paracentral-bf923c83,telencefalo,Sulco paracentral,Sulco paracentral,marco-de-superficie,TELENCÉFALO > Face medial e inferior > Sulco do cíngulo,8,roteiro-p08-l01,False,,,,human-review-pending,"licensed-representation,source-backed-explanation,human-anatomical-review"
telencefalo-sulco-subparietal-faac6b2a,telencefalo,Sulco subparietal,Sulco subparietal,marco-de-superficie,TELENCÉFALO > Face medial e inferior > Sulco do cíngulo,8,roteiro-p08-l02,False,,,,human-review-pending,"licensed-representation,source-backed-explanation,human-anatomical-review"
telencefalo-sulco-parietoccipital-b6c0d5b9,telencefalo,Sulco parietoccipital,Sulco parietoccipital,marco-de-superficie,TELENCÉFALO > Face medial e inferior,8,roteiro-p08-l03,True,"spl-5013,spl-5014",,"spl-5013,spl-5014",human-review-pending,"licensed-representation,human-anatomical-review"
telencefalo-sulco-colateral-1a297229,telencefalo,Sulco colateral,Sulco colateral,marco-de-superficie,TELENCÉFALO > Face medial e inferior,8,roteiro-p08-l04,True,"spl-5007,spl-5008",,"spl-5007,spl-5008",human-review-pending,"licensed-representation,human-anatomical-review"
telencefalo-lobo-frontal-dc92cdde,telencefalo,Lobo frontal,Lobo frontal,estrutura-anatomica,TELENCÉFALO > Face medial e inferior,8,roteiro-p08-l05,False,,,,human-review-pending,"licensed-representation,source-backed-explanation,human-anatomical-review"
telencefalo-giro-frontal-medial-74e736e0,telencefalo,Giro frontal medial,Giro frontal medial,estrutura-anatomica,TELENCÉFALO > Face medial e inferior > Lobo frontal,8,roteiro-p08-l06,False,,,,human-review-pending,"licensed-representation,source-backed-explanation,human-anatomical-review"
telencefalo-sulco-paracentral-93570585,telencefalo,Sulco paracentral,Sulco paracentral,marco-de-superficie,TELENCÉFALO > Face medial e inferior > Lobo frontal,8,roteiro-p08-l07,False,,,,human-review-pending,"licensed-representation,source-backed-explanation,human-anatomical-review"
telencefalo-lobulo-paracentral-2fb9641b,telencefalo,Lóbulo paracentral,Lóbulo paracentral,estrutura-anatomica,TELENCÉFALO > Face medial e inferior > Lobo frontal,8,roteiro-p08-l08,True,"spl-1017,spl-2017",,"spl-1017,spl-2017",human-review-pending,"licensed-representation,human-anatomical-review"
telencefalo-giro-paracentral-anterior-36bdf619,telencefalo,Giro paracentral anterior,Giro paracentral anterior,estrutura-anatomica,TELENCÉFALO > Face medial e inferior > Lobo frontal > Lóbulo paracentral,8,roteiro-p08-l09,False,,,,human-review-pending,"licensed-representation,source-backed-explanation,human-anatomical-review"
telencefalo-sulco-central-673ec680,telencefalo,Sulco central,Sulco central,marco-de-superficie,TELENCÉFALO > Face medial e inferior > Lobo frontal,8,roteiro-p08-l10,True,"spl-5003,spl-5004",,"spl-5003,spl-5004",human-review-pending,"licensed-representation,human-anatomical-review"
telencefalo-area-subcalosa-7bb55299,telencefalo,Área subcalosa,Área subcalosa,estrutura-anatomica,TELENCÉFALO > Face medial e inferior > Lobo frontal,8,roteiro-p08-l11,False,,,,human-review-pending,"licensed-representation,source-backed-explanation,human-anatomical-review"
telencefalo-giro-paraterminal-4841b0af,telencefalo,Giro paraterminal,Giro paraterminal,estrutura-anatomica,TELENCÉFALO > Face medial e inferior > Lobo frontal > Área subcalosa,8,roteiro-p08-l12,False,,,,human-review-pending,"licensed-representation,source-backed-explanation,human-anatomical-review"
telencefalo-giros-orbitais-0d393383,telencefalo,Giros orbitais,Giros orbitais,conjunto,TELENCÉFALO > Face medial e inferior > Lobo frontal,8,roteiro-p08-l13,False,,,,human-review-pending,"licensed-representation,source-backed-explanation,human-anatomical-review"
telencefalo-sulcos-orbitais-e5f93bcc,telencefalo,Sulcos orbitais,Sulcos orbitais,marco-de-superficie,TELENCÉFALO > Face medial e inferior > Lobo frontal,8,roteiro-p08-l14,False,,,,human-review-pending,"licensed-representation,source-backed-explanation,human-anatomical-review"
telencefalo-giro-reto-9d8c6e06,telencefalo,Giro reto,Giro reto,estrutura-anatomica,TELENCÉFALO > Face medial e inferior > Lobo frontal,8,roteiro-p08-l15,True,"spl-1014,spl-2014",,"spl-1014,spl-2014",human-review-pending,"licensed-representation,human-anatomical-review"
telencefalo-sulco-olfatorio-bc92d8dc,telencefalo,Sulco olfatório,Sulco olfatório,marco-de-superficie,TELENCÉFALO > Face medial e inferior > Lobo frontal,8,roteiro-p08-l16,False,,,,human-review-pending,"licensed-representation,source-backed-explanation,human-anatomical-review"
telencefalo-bulbo-olfatorio-13ef928b,telencefalo,Bulbo olfatório,Bulbo olfatório,estrutura-anatomica,TELENCÉFALO > Face medial e inferior > Lobo frontal,8,roteiro-p08-l17,False,,,,human-review-pending,"licensed-representation,source-backed-explanation,human-anatomical-review"
telencefalo-trato-olfatorio-035dd616,telencefalo,Trato olfatório,Trato olfatório,estrutura-anatomica,TELENCÉFALO > Face medial e inferior > Lobo frontal,8,roteiro-p08-l18,False,,,,human-review-pending,"licensed-representation,source-backed-explanation,human-anatomical-review"
telencefalo-estria-olfatoria-lateral-fb4b122a,telencefalo,Estria olfatória lateral,Estria olfatória lateral,estrutura-anatomica,TELENCÉFALO > Face medial e inferior > Lobo frontal,8,roteiro-p08-l19,False,,,,human-review-pending,"licensed-representation,source-backed-explanation,human-anatomical-review"
telencefalo-estria-olfatoria-medial-7554e885,telencefalo,Estria olfatória medial,Estria olfatória medial,estrutura-anatomica,TELENCÉFALO > Face medial e inferior > Lobo frontal,8,roteiro-p08-l20,False,,,,human-review-pending,"licensed-representation,source-backed-explanation,human-anatomical-review"
telencefalo-lobo-parietal-1abdb649,telencefalo,Lobo parietal,Lobo parietal,estrutura-anatomica,TELENCÉFALO > Face medial e inferior,8,roteiro-p08-l21,False,,,,human-review-pending,"licensed-representation,source-backed-explanation,human-anatomical-review"
telencefalo-lobulo-paracentral-4b7219ac,telencefalo,Lóbulo paracentral,Lóbulo paracentral,estrutura-anatomica,TELENCÉFALO > Face medial e inferior > Lobo parietal,8,roteiro-p08-l22,True,"spl-1017,spl-2017",,"spl-1017,spl-2017",human-review-pending,"licensed-representation,human-anatomical-review"
telencefalo-giro-paracentral-anterior-b15cdfc8,telencefalo,giro paracentral anterior,giro paracentral anterior,estrutura-anatomica,TELENCÉFALO > Face medial e inferior > Lobo parietal > Lóbulo paracentral,8,roteiro-p08-l23,False,,,,human-review-pending,"licensed-representation,source-backed-explanation,human-anatomical-review,giro-paracentral-parietal"
telencefalo-pre-cuneo-2905c09f,telencefalo,Pré-cúneo,Pré-cúneo,estrutura-anatomica,TELENCÉFALO > Face medial e inferior > Lobo parietal,8,roteiro-p08-l24,True,"spl-1025,spl-2025",,"spl-1025,spl-2025",human-review-pending,"licensed-representation,human-anatomical-review"
telencefalo-sulco-subparietal-97227e8c,telencefalo,Sulco subparietal,Sulco subparietal,marco-de-superficie,TELENCÉFALO > Face medial e inferior > Lobo parietal,8,roteiro-p08-l25,False,,,,human-review-pending,"licensed-representation,source-backed-explanation,human-anatomical-review"
telencefalo-sulco-parietoccipital-bbe800ab,telencefalo,Sulco parietoccipital,Sulco parietoccipital,marco-de-superficie,TELENCÉFALO > Face medial e inferior > Lobo parietal,8,roteiro-p08-l26,True,"spl-5013,spl-5014",,"spl-5013,spl-5014",human-review-pending,"licensed-representation,human-anatomical-review"
telencefalo-lobo-occipital-867bc8ae,telencefalo,Lobo occipital,Lobo occipital,estrutura-anatomica,TELENCÉFALO > Face medial e inferior,8,roteiro-p08-l27,False,,,,human-review-pending,"licensed-representation,source-backed-explanation,human-anatomical-review"
telencefalo-sulco-parietoccipital-a86d3fe4,telencefalo,Sulco parietoccipital,Sulco parietoccipital,marco-de-superficie,TELENCÉFALO > Face medial e inferior > Lobo occipital,8,roteiro-p08-l28,True,"spl-5013,spl-5014",,"spl-5013,spl-5014",human-review-pending,"licensed-representation,human-anatomical-review"
telencefalo-cuneo-eb29ae87,telencefalo,Cúneo,Cúneo,estrutura-anatomica,TELENCÉFALO > Face medial e inferior > Lobo occipital,8,roteiro-p08-l29,True,"spl-1005,spl-2005",,"spl-1005,spl-2005",human-review-pending,"licensed-representation,human-anatomical-review"
telencefalo-giro-lingual-75569ef9,telencefalo,Giro lingual,Giro lingual,estrutura-anatomica,TELENCÉFALO > Face medial e inferior > Lobo occipital,8,roteiro-p08-l30,True,"spl-1013,spl-2013",,"spl-1013,spl-2013",human-review-pending,"licensed-representation,human-anatomical-review"
telencefalo-sulco-calcarino-05114a6a,telencefalo,Sulco calcarino,Sulco calcarino,marco-de-superficie,TELENCÉFALO > Face medial e inferior > Lobo occipital,8,roteiro-p08-l31,True,"spl-5001,spl-5002",,"spl-5001,spl-5002",human-review-pending,"licensed-representation,human-anatomical-review"
telencefalo-giro-occipitotemporal-medial-eaa704bc,telencefalo,Giro occipitotemporal medial,Giro occipitotemporal medial,estrutura-anatomica,TELENCÉFALO > Face medial e inferior > Lobo occipital,8,roteiro-p08-l32,False,,,,human-review-pending,"licensed-representation,source-backed-explanation,human-anatomical-review"
telencefalo-sulco-occipitotemporal-86c3e6be,telencefalo,Sulco occipitotemporal,Sulco occipitotemporal,marco-de-superficie,TELENCÉFALO > Face medial e inferior > Lobo occipital,8,roteiro-p08-l33,False,,,,human-review-pending,"licensed-representation,source-backed-explanation,human-anatomical-review"
telencefalo-giro-occipitotemporal-lateral-d0215e7b,telencefalo,Giro occipitotemporal lateral,Giro occipitotemporal lateral,estrutura-anatomica,TELENCÉFALO > Face medial e inferior > Lobo occipital,8,roteiro-p08-l34,False,,,,human-review-pending,"licensed-representation,source-backed-explanation,human-anatomical-review"
telencefalo-lobo-temporal-1675e68e,telencefalo,Lobo temporal,Lobo temporal,estrutura-anatomica,TELENCÉFALO > Face medial e inferior,8,roteiro-p08-l35,False,,,,human-review-pending,"licensed-representation,source-backed-explanation,human-anatomical-review"
telencefalo-sulco-do-hipocampal-bb306046,telencefalo,Sulco do hipocampal,Sulco do hipocampal,marco-de-superficie,TELENCÉFALO > Face medial e inferior > Lobo temporal,8,roteiro-p08-l36,False,,,,human-review-pending,"licensed-representation,source-backed-explanation,human-anatomical-review,sulco-do-hipocampal"
telencefalo-sulco-colateral-da1594f3,telencefalo,Sulco colateral,Sulco colateral,marco-de-superficie,TELENCÉFALO > Face medial e inferior > Lobo temporal,8,roteiro-p08-l37,True,"spl-5007,spl-5008",,"spl-5007,spl-5008",human-review-pending,"licensed-representation,human-anatomical-review"
telencefalo-giro-occipitotemporal-medial-1accd0ff,telencefalo,Giro occipitotemporal medial,Giro occipitotemporal medial,estrutura-anatomica,TELENCÉFALO > Face medial e inferior > Lobo temporal,8,roteiro-p08-l38,False,,,,human-review-pending,"licensed-representation,source-backed-explanation,human-anatomical-review"
telencefalo-sulco-occipitotemporal-c7e751c3,telencefalo,Sulco occipitotemporal,Sulco occipitotemporal,marco-de-superficie,TELENCÉFALO > Face medial e inferior > Lobo temporal,8,roteiro-p08-l39,False,,,,human-review-pending,"licensed-representation,source-backed-explanation,human-anatomical-review"
telencefalo-giro-occipitotemporal-lateral-36392fb7,telencefalo,Giro occipitotemporal lateral,Giro occipitotemporal lateral,estrutura-anatomica,TELENCÉFALO > Face medial e inferior > Lobo temporal,8,roteiro-p08-l40,False,,,,human-review-pending,"licensed-representation,source-backed-explanation,human-anatomical-review"
telencefalo-sulco-rinal-17eaeb51,telencefalo,Sulco rinal,Sulco rinal,marco-de-superficie,TELENCÉFALO > Face medial e inferior > Lobo temporal,8,roteiro-p08-l41,False,,,,human-review-pending,"licensed-representation,source-backed-explanation,human-anatomical-review"
telencefalo-unco-dab57802,telencefalo,Únco,Únco,estrutura-anatomica,TELENCÉFALO > Face medial e inferior > Lobo temporal,8,roteiro-p08-l42,False,,,,human-review-pending,"licensed-representation,source-backed-explanation,human-anatomical-review"
telencefalo-lobo-limbico-32fc61a6,telencefalo,"""Lobo límbico""","""Lobo límbico""",estrutura-anatomica,TELENCÉFALO > Face medial e inferior,8,roteiro-p08-l43,False,,,,human-review-pending,"licensed-representation,source-backed-explanation,human-anatomical-review"
telencefalo-sulco-do-cingulo-827de5e3,telencefalo,Sulco do cíngulo,Sulco do cíngulo,marco-de-superficie,"TELENCÉFALO > Face medial e inferior > ""Lobo límbico""",8,roteiro-p08-l44,True,"spl-5005,spl-5006",,"spl-5005,spl-5006",human-review-pending,"licensed-representation,human-anatomical-review"
telencefalo-giro-do-cingulo-804c9c47,telencefalo,Giro do cíngulo,Giro do cíngulo,estrutura-anatomica,"TELENCÉFALO > Face medial e inferior > ""Lobo límbico""",8,roteiro-p08-l45,True,,,,human-review-pending,"licensed-representation,human-anatomical-review"
telencefalo-istmo-do-giro-do-cingulo-5e103e7a,telencefalo,Istmo do giro do cíngulo,Istmo do giro do cíngulo,estrutura-anatomica,"TELENCÉFALO > Face medial e inferior > ""Lobo límbico"" > Giro do cíngulo",8,roteiro-p08-l46,True,"spl-1010,spl-2010",,"spl-1010,spl-2010",human-review-pending,"licensed-representation,human-anatomical-review"
telencefalo-giro-parahipocampal-11b523fc,telencefalo,Giro parahipocampal,Giro parahipocampal,estrutura-anatomica,"TELENCÉFALO > Face medial e inferior > ""Lobo límbico""",8,roteiro-p08-l47,True,"spl-1016,spl-2016",,spl-2016,human-review-pending,"licensed-representation,human-anatomical-review,source-mesh-volume-discrepancy"
telencefalo-sulco-hipocampal-5b81022f,telencefalo,Sulco hipocampal,Sulco hipocampal,marco-de-superficie,"TELENCÉFALO > Face medial e inferior > ""Lobo límbico""",8,roteiro-p08-l48,False,,,,human-review-pending,"licensed-representation,source-backed-explanation,human-anatomical-review"
telencefalo-sulco-colateral-6d42e809,telencefalo,Sulco colateral,Sulco colateral,marco-de-superficie,"TELENCÉFALO > Face medial e inferior > ""Lobo límbico""",8,roteiro-p08-l49,True,"spl-5007,spl-5008",,"spl-5007,spl-5008",human-review-pending,"licensed-representation,human-anatomical-review"
telencefalo-sulco-rinal-31e2d79b,telencefalo,Sulco rinal,Sulco rinal,marco-de-superficie,"TELENCÉFALO > Face medial e inferior > ""Lobo límbico""",8,roteiro-p08-l50,False,,,,human-review-pending,"licensed-representation,source-backed-explanation,human-anatomical-review"
telencefalo-corpo-caloso-fe3f4f5e,telencefalo,Corpo Caloso,Corpo Caloso,estrutura-anatomica,TELENCÉFALO,8,roteiro-p08-l51,True,spl-3004,,spl-3004,human-review-pending,"licensed-representation,human-anatomical-review"
telencefalo-rostro-2ebefe08,telencefalo,Rostro,Rostro,estrutura-anatomica,TELENCÉFALO > Corpo Caloso,8,roteiro-p08-l52,False,,,,human-review-pending,"licensed-representation,source-backed-explanation,human-anatomical-review"
telencefalo-joelho-a8b0206f,telencefalo,Joelho,Joelho,estrutura-anatomica,TELENCÉFALO > Corpo Caloso,8,roteiro-p08-l53,False,,,,human-review-pending,"licensed-representation,source-backed-explanation,human-anatomical-review"
telencefalo-tronco-ad14b7fa,telencefalo,Tronco,Tronco,estrutura-anatomica,TELENCÉFALO > Corpo Caloso,8,roteiro-p08-l54,False,,,,human-review-pending,"licensed-representation,source-backed-explanation,human-anatomical-review"
telencefalo-esplenio-b3fb72cd,telencefalo,Esplênio,Esplênio,estrutura-anatomica,TELENCÉFALO > Corpo Caloso,8,roteiro-p08-l55,False,,,,human-review-pending,"licensed-representation,source-backed-explanation,human-anatomical-review"
telencefalo-radiacao-do-corpo-caloso-b93c1eed,telencefalo,Radiação do corpo caloso,Radiação do corpo caloso,estrutura-anatomica,TELENCÉFALO > Corpo Caloso,9,roteiro-p09-l01,False,,,,human-review-pending,"licensed-representation,source-backed-explanation,human-anatomical-review"
telencefalo-comissura-anterior-1b34d20c,telencefalo,Comissura anterior,Comissura anterior,estrutura-anatomica,TELENCÉFALO,9,roteiro-p09-l02,True,spl-142,,spl-142,human-review-pending,"licensed-representation,human-anatomical-review"
telencefalo-fornice-09eb7c50,telencefalo,Fórnice,Fórnice,estrutura-anatomica,TELENCÉFALO,9,roteiro-p09-l03,True,"spl-3005,spl-3007",,,human-review-pending,"licensed-representation,human-anatomical-review,source-mesh-volume-discrepancy"
telencefalo-coluna-89687ac2,telencefalo,Coluna,Coluna,estrutura-anatomica,TELENCÉFALO > Fórnice,9,roteiro-p09-l04,False,,,,human-review-pending,"licensed-representation,source-backed-explanation,human-anatomical-review"
telencefalo-corpo-2746c4c8,telencefalo,Corpo,Corpo,estrutura-anatomica,TELENCÉFALO > Fórnice,9,roteiro-p09-l05,False,,,,human-review-pending,"licensed-representation,source-backed-explanation,human-anatomical-review"
telencefalo-comissura-69e038f5,telencefalo,Comissura,Comissura,estrutura-anatomica,TELENCÉFALO > Fórnice,9,roteiro-p09-l06,False,,,,human-review-pending,"licensed-representation,source-backed-explanation,human-anatomical-review"
telencefalo-pilar-1d116ac8,telencefalo,Pilar,Pilar,estrutura-anatomica,TELENCÉFALO > Fórnice,9,roteiro-p09-l07,False,,,,human-review-pending,"licensed-representation,source-backed-explanation,human-anatomical-review"
telencefalo-septo-pelucido-5f8145f6,telencefalo,Septo pelúcido,Septo pelúcido,estrutura-anatomica,TELENCÉFALO,9,roteiro-p09-l08,True,spl-96,,spl-96,human-review-pending,"licensed-representation,human-anatomical-review"
telencefalo-ventriculo-lateral-fa21a354,telencefalo,Ventrículo lateral,Ventrículo lateral,espaco,TELENCÉFALO,9,roteiro-p09-l09,True,,"spl-4,spl-43",,human-review-pending,"licensed-representation,human-anatomical-review"
telencefalo-corno-frontal-b10bd24b,telencefalo,Corno frontal,Corno frontal,estrutura-anatomica,TELENCÉFALO > Ventrículo lateral,9,roteiro-p09-l10,False,,,,human-review-pending,"licensed-representation,source-backed-explanation,human-anatomical-review"
telencefalo-parte-central-corpo-45520cc1,telencefalo,Parte central (corpo),Parte central (corpo),estrutura-anatomica,TELENCÉFALO > Ventrículo lateral,9,roteiro-p09-l11,False,,,,human-review-pending,"licensed-representation,source-backed-explanation,human-anatomical-review"
telencefalo-corno-occipital-9619f974,telencefalo,Corno occipital,Corno occipital,estrutura-anatomica,TELENCÉFALO > Ventrículo lateral,9,roteiro-p09-l12,False,,,,human-review-pending,"licensed-representation,source-backed-explanation,human-anatomical-review"
telencefalo-corno-temporal-907dd296,telencefalo,Corno temporal,Corno temporal,estrutura-anatomica,TELENCÉFALO > Ventrículo lateral,9,roteiro-p09-l13,True,"spl-5,spl-44",,"spl-5,spl-44",human-review-pending,"licensed-representation,human-anatomical-review"
telencefalo-plexo-corioideo-do-ventriculo-lateral-b1b74826,telencefalo,Plexo corióideo do ventrículo lateral,Plexo corióideo do ventrículo lateral,estrutura-anatomica,TELENCÉFALO > Ventrículo lateral,9,roteiro-p09-l14,False,,,,human-review-pending,"licensed-representation,source-backed-explanation,human-anatomical-review"
telencefalo-atrio-do-ventriculo-lateral-aa370967,telencefalo,Átrio do ventrículo lateral,Átrio do ventrículo lateral,estrutura-anatomica,TELENCÉFALO > Ventrículo lateral,9,roteiro-p09-l15,False,,,,human-review-pending,"licensed-representation,source-backed-explanation,human-anatomical-review"
telencefalo-cortex-cerebral-df531a9a,telencefalo,Córtex cerebral,Córtex cerebral,estrutura-anatomica,TELENCÉFALO,9,roteiro-p09-l16,True,,,,human-review-pending,"licensed-representation,human-anatomical-review"
telencefalo-hipocampo-f222e687,telencefalo,Hipocampo,Hipocampo,estrutura-anatomica,TELENCÉFALO,9,roteiro-p09-l17,True,"spl-17,spl-53",,"spl-17,spl-53",human-review-pending,"licensed-representation,human-anatomical-review"
telencefalo-cortex-entorrinal-c775e21a,telencefalo,Córtex entorrinal,Córtex entorrinal,estrutura-anatomica,TELENCÉFALO > Hipocampo,9,roteiro-p09-l18,False,,,,human-review-pending,"licensed-representation,source-backed-explanation,human-anatomical-review"
telencefalo-subiculo-0adfb51d,telencefalo,Subículo,Subículo,estrutura-anatomica,TELENCÉFALO > Hipocampo,9,roteiro-p09-l19,False,,,,human-review-pending,"licensed-representation,source-backed-explanation,human-anatomical-review"
telencefalo-giro-dentetado-c2496f9f,telencefalo,Giro dentetado,Giro dentetado,estrutura-anatomica,TELENCÉFALO > Hipocampo,9,roteiro-p09-l20,False,,,,human-review-pending,"licensed-representation,source-backed-explanation,human-anatomical-review,grafia-giro-dentetado"
telencefalo-corpo-amigdaloide-d948f420,telencefalo,Corpo Amigdalóide,Corpo Amigdalóide,estrutura-anatomica,TELENCÉFALO,9,roteiro-p09-l21,True,"spl-18,spl-54",,"spl-18,spl-54",human-review-pending,"licensed-representation,human-anatomical-review"
telencefalo-nucleo-basal-de-meynert-f2a253fb,telencefalo,Núcleo basal de Meynert,Núcleo basal de Meynert,estrutura-anatomica,TELENCÉFALO,9,roteiro-p09-l22,False,,,,human-review-pending,"licensed-representation,source-backed-explanation,human-anatomical-review"
telencefalo-nucleo-caudado-643e1d21,telencefalo,Núcleo caudado,Núcleo caudado,estrutura-anatomica,TELENCÉFALO,9,roteiro-p09-l23,True,"spl-11,spl-50",,"spl-11,spl-50",human-review-pending,"licensed-representation,human-anatomical-review"
telencefalo-cabeca-3de83d67,telencefalo,Cabeça,Cabeça,estrutura-anatomica,TELENCÉFALO > Núcleo caudado,9,roteiro-p09-l24,False,,,,human-review-pending,"licensed-representation,source-backed-explanation,human-anatomical-review"
telencefalo-corpo-76e3110e,telencefalo,Corpo,Corpo,estrutura-anatomica,TELENCÉFALO > Núcleo caudado,9,roteiro-p09-l25,False,,,,human-review-pending,"licensed-representation,source-backed-explanation,human-anatomical-review"
telencefalo-cauda-8ae36aa7,telencefalo,Cauda,Cauda,estrutura-anatomica,TELENCÉFALO > Núcleo caudado,9,roteiro-p09-l26,False,,,,human-review-pending,"licensed-representation,source-backed-explanation,human-anatomical-review"
telencefalo-nucleo-lentiforme-d9bb3a73,telencefalo,Núcleo lentiforme,Núcleo lentiforme,conjunto,TELENCÉFALO,9,roteiro-p09-l27,True,,,,human-review-pending,"licensed-representation,human-anatomical-review"
telencefalo-nucleo-putame-fc7be048,telencefalo,Núcleo putame,Núcleo putame,estrutura-anatomica,TELENCÉFALO > Núcleo lentiforme,9,roteiro-p09-l28,True,"spl-12,spl-51",,"spl-12,spl-51",human-review-pending,"licensed-representation,human-anatomical-review"
telencefalo-lamina-medular-lateral-07182140,telencefalo,Lâmina medular lateral,Lâmina medular lateral,estrutura-anatomica,TELENCÉFALO > Núcleo lentiforme,9,roteiro-p09-l29,False,,,,human-review-pending,"licensed-representation,source-backed-explanation,human-anatomical-review"
telencefalo-globo-palido-lateral-9965fb0c,telencefalo,Globo pálido lateral,Globo pálido lateral,estrutura-anatomica,TELENCÉFALO > Núcleo lentiforme,9,roteiro-p09-l30,True,"spl-13,spl-52",,"spl-13,spl-52",human-review-pending,"licensed-representation,human-anatomical-review"
telencefalo-lamina-medular-medial-cbbcaf40,telencefalo,Lâmina medular medial,Lâmina medular medial,estrutura-anatomica,TELENCÉFALO > Núcleo lentiforme,9,roteiro-p09-l31,False,,,,human-review-pending,"licensed-representation,source-backed-explanation,human-anatomical-review"
telencefalo-globo-palido-medial-c8ca092a,telencefalo,Globo pálido medial,Globo pálido medial,estrutura-anatomica,TELENCÉFALO > Núcleo lentiforme,9,roteiro-p09-l32,True,"spl-25,spl-83",,"spl-25,spl-83",human-review-pending,"licensed-representation,human-anatomical-review"
telencefalo-nucleo-claustro-7f232b19,telencefalo,Núcleo claustro,Núcleo claustro,estrutura-anatomica,TELENCÉFALO,9,roteiro-p09-l33,True,"spl-3000,spl-3001",,"spl-3000,spl-3001",human-review-pending,"licensed-representation,human-anatomical-review"
telencefalo-centro-semioval-1ec83676,telencefalo,Centro semioval,Centro semioval,estrutura-anatomica,TELENCÉFALO,9,roteiro-p09-l34,True,,,,human-review-pending,"licensed-representation,human-anatomical-review"
telencefalo-capsula-interna-0c95a58a,telencefalo,Cápsula interna,Cápsula interna,estrutura-anatomica,TELENCÉFALO,9,roteiro-p09-l35,False,,,,human-review-pending,"licensed-representation,source-backed-explanation,human-anatomical-review"
telencefalo-ramo-anterior-39594bf8,telencefalo,Ramo anterior,Ramo anterior,estrutura-anatomica,TELENCÉFALO > Cápsula interna,9,roteiro-p09-l36,False,,,,human-review-pending,"licensed-representation,source-backed-explanation,human-anatomical-review"
telencefalo-joelho-c8db7724,telencefalo,Joelho,Joelho,estrutura-anatomica,TELENCÉFALO > Cápsula interna,9,roteiro-p09-l37,False,,,,human-review-pending,"licensed-representation,source-backed-explanation,human-anatomical-review"
telencefalo-ramo-posterior-fde25353,telencefalo,Ramo posterior,Ramo posterior,estrutura-anatomica,TELENCÉFALO > Cápsula interna,9,roteiro-p09-l38,False,,,,human-review-pending,"licensed-representation,source-backed-explanation,human-anatomical-review"
telencefalo-capsula-externa-753eccc8,telencefalo,Cápsula externa,Cápsula externa,estrutura-anatomica,TELENCÉFALO,9,roteiro-p09-l39,True,,,,human-review-pending,"licensed-representation,human-anatomical-review"
telencefalo-capsula-extrema-3dd24d8a,telencefalo,Cápsula extrema,Cápsula extrema,estrutura-anatomica,TELENCÉFALO,9,roteiro-p09-l40,True,,,,human-review-pending,"licensed-representation,human-anatomical-review"
telencefalo-fibras-de-associacao-4d873d92,telencefalo,Fibras de associação,Fibras de associação,conjunto,TELENCÉFALO,9,roteiro-p09-l41,True,,,,human-review-pending,"licensed-representation,human-anatomical-review"
telencefalo-fibras-arqueadas-do-cerebro-9e291ce6,telencefalo,Fibras arqueadas do cérebro,Fibras arqueadas do cérebro,conjunto,TELENCÉFALO > Fibras de associação,9,roteiro-p09-l42,False,,,,human-review-pending,"licensed-representation,source-backed-explanation,human-anatomical-review"
telencefalo-fasciculo-do-cingulo-20d8f707,telencefalo,Fascículo do cíngulo,Fascículo do cíngulo,estrutura-anatomica,TELENCÉFALO > Fibras de associação,9,roteiro-p09-l43,False,,,,human-review-pending,"licensed-representation,source-backed-explanation,human-anatomical-review"
telencefalo-fasciculo-longitudinal-superior-d7bd6d2c,telencefalo,Fascículo longitudinal superior,Fascículo longitudinal superior,estrutura-anatomica,TELENCÉFALO > Fibras de associação,9,roteiro-p09-l44,False,,,,human-review-pending,"licensed-representation,source-backed-explanation,human-anatomical-review"
telencefalo-fasciculo-longitudinal-inferior-aae2854e,telencefalo,Fascículo longitudinal inferior,Fascículo longitudinal inferior,estrutura-anatomica,TELENCÉFALO > Fibras de associação,9,roteiro-p09-l45,False,,,,human-review-pending,"licensed-representation,source-backed-explanation,human-anatomical-review"
telencefalo-fasciculo-uncinado-59731553,telencefalo,Fascículo uncinado,Fascículo uncinado,estrutura-anatomica,TELENCÉFALO > Fibras de associação,9,roteiro-p09-l46,False,,,,human-review-pending,"licensed-representation,source-backed-explanation,human-anatomical-review"
telencefalo-fasciculo-arqueado-df70dd64,telencefalo,Fascículo arqueado,Fascículo arqueado,estrutura-anatomica,TELENCÉFALO > Fibras de associação,10,roteiro-p10-l01,False,,,,human-review-pending,"licensed-representation,source-backed-explanation,human-anatomical-review"
